path,true_class,pred_class,correct,confidence,concordance_score,spearman_rho,top5pct_overlap,gradcam_fidelity,gradcam_localization,gradcam_robustness,gradcam_robustness_backfilled,gradcam_cers,gradcam_ccers,gradcam_aopc,gradcam_insertion_auc,gradcam_deletion_auc,gradcam_entropy,gradcam_lfs,integrated_gradients_fidelity,integrated_gradients_localization,integrated_gradients_robustness,integrated_gradients_robustness_backfilled,integrated_gradients_cers,integrated_gradients_ccers,integrated_gradients_aopc,integrated_gradients_insertion_auc,integrated_gradients_deletion_auc,integrated_gradients_entropy,integrated_gradients_lfs
C:\Git programs\AIMS research\EXCV cursor\data\COVID_19_dataset\test\COVID\COVID-1010.png,COVID,COVID,True,0.9999572038650513,0.11560919096641142,0.20679835751279843,0.02442002442002442,0.3335903934742275,0.29987961335762514,0.7776746880816883,False,0.45670244782148506,0.052799000505021614,0.0003579884767532349,0.9999924458955464,0.9995792539496171,10.506528391698216,0.4058382800018426,0.33330794499631516,0.16747305247711916,0.5799492931527502,False,0.3575498816874869,0.041336052552026485,-3.815293312072754e-05,0.9999582328294453,0.9999962449073792,10.519900793590608,0.21720280815187668
C:\Git programs\AIMS research\EXCV cursor\data\COVID_19_dataset\test\COVID\COVID-1015.png,COVID,COVID,True,0.77812260389328,0.061025754609859,0.1049574921257009,0.017094017094017096,0.26282610637054105,0.12779978662529484,0.496956150017046,False,0.2925572235409187,0.017853525333149767,-0.18931897580623627,0.9493387686578851,0.9715414737400258,10.281084879488244,0.15129800331996215,0.2604154947556948,0.1647646769356347,0.5515801641624009,False,0.3190696502316886,0.019471466178492568,-0.21048857569694518,0.985560323062696,0.9938252630986665,10.470252233962421,0.21141510030432215
C:\Git programs\AIMS research\EXCV cursor\data\COVID_19_dataset\test\COVID\COVID-1040.png,COVID,COVID,True,0.9945594668388367,0.054600216481114766,0.07959115335294993,0.029609279609279608,0.33149284343970453,0.21483415260511673,0.6297027400751148,False,0.3859582051799513,0.02107340155548785,-0.004775679111480713,0.9986969232559204,0.9994427138253261,10.879176979494645,0.29874525400562113,0.33098194332499253,0.11376644733888132,0.577628328203783,False,0.33981120999279635,0.01855376562831623,-0.005117067694664001,0.9978649678983187,0.9998020702286771,10.597970550226146,0.14349598431354132
C:\Git programs\AIMS research\EXCV cursor\data\COVID_19_dataset\test\COVID\COVID-1054.png,COVID,COVID,True,0.9999973773956299,0.14865735311454845,0.2530534119678026,0.044261294261294264,0.33333322353530354,0.33445720245321764,0.8309244213561925,False,0.48294777655694443,0.07179373815551172,1.2516975402832031e-06,0.9999944097117375,0.9999959908033672,10.924149789624845,0.4713732372747746,0.3333319030309978,0.2705410397613898,0.5221835413433583,False,0.3711501355438236,0.0551741967580507,-2.3961067199707033e-06,0.9999979357970388,0.9999998305973254,10.601036121013403,0.3675781525181679
C:\Git programs\AIMS research\EXCV cursor\data\COVID_19_dataset\test\COVID\COVID-1074.png,COVID,COVID,True,0.9999828338623047,0.1304759929792997,0.22065894566555913,0.040293040293040296,0.333328816765233,0.26366067032894874,0.7028667720702378,False,0.4232897594258492,0.05522915167905656,-7.677078247070313e-06,0.9999845906307822,0.9999904632568359,10.812838944468282,0.3659338805533762,0.33332362708292507,0.12602360536476137,0.53855481569257,False,0.33270297715036945,0.04340975131086371,-8.815526962280274e-06,0.9999713583996421,0.9999916616239046,10.53918205128934,0.15873440981808154
C:\Git programs\AIMS research\EXCV cursor\data\COVID_19_dataset\test\COVID\COVID-1098.png,COVID,COVID,True,0.9980796575546265,0.028305477333962752,0.04928494734191818,0.007326007326007326,0.3395985689079552,0.39380866551784866,0.7000867996618726,False,0.46400806711709847,0.013133969826558898,0.00828087329864502,0.9998285111628081,0.9893136777375875,10.47317769669352,0.5387338487407295,0.33272623053768224,0.2407486077457059,0.5580285837077742,False,0.37272364965111693,0.010550120817031564,-0.0017927169799804687,0.999888865571273,0.9999174569782457,10.484791630543967,0.3205254277654698
C:\Git programs\AIMS research\EXCV cursor\data\COVID_19_dataset\test\COVID\COVID-1112.png,COVID,COVID,True,0.9999932050704956,0.10861945817341315,0.18396663307454303,0.03327228327228327,0.33335278008067815,0.3966414028082151,0.7647015605210368,False,0.48174400103104675,0.052326772370284484,2.7063488960266114e-05,0.9999958151265194,0.9999645383734452,10.807244695191368,0.5556901734963647,0.33333222960170944,0.24247987286040773,0.6066502980872214,False,0.3880719431249725,0.042152164194538114,-3.7848949432373047e-06,0.9999974840565731,0.9999970103565015,10.471345365449375,0.3224790513229783
C:\Git programs\AIMS research\EXCV cursor\data\COVID_19_dataset\test\COVID\COVID-114.png,COVID,COVID,True,0.9999920129776001,0.18631264635806433,0.2715874416782776,0.10103785103785104,0.33333068239061453,0.3399823661591738,0.7390161668947917,False,0.45703183287243543,0.08515081025234002,-4.166364669799805e-06,0.9999924082505075,0.999996194713994,10.75318264792548,0.47265953951137357,0.3333307705427471,0.5129764338108955,0.5320269534178634,False,0.44683332438572654,0.0832506991472761,-7.522106170654297e-06,0.9999995608078807,0.9999997270734687,10.468933976201768,0.7088095250207508
C:\Git programs\AIMS research\EXCV cursor\data\COVID_19_dataset\test\COVID\COVID-1146.png,COVID,COVID,True,0.9999992847442627,0.05403881867702253,0.051911581187988894,0.05616605616605617,0.3333783984184265,0.41013927972115816,0.7598584451055821,False,0.4843506768153927,0.026173738400520147,8.95380973815918e-05,0.9999521374702453,0.9999064803123474,10.880955368763894,0.5778213018512031,0.33333473278765097,0.179990914377689,0.5285389207204686,False,0.3458928436445077,0.018691640659385254,2.4259090423583986e-06,0.9999999498066149,0.9999981773527045,10.560028152401642,0.2366361343016368
C:\Git programs\AIMS research\EXCV cursor\data\COVID_19_dataset\test\COVID\COVID-1206.png,COVID,Normal,False,0.6422141790390015,0.1398755985841384,0.22694289435997397,0.05280830280830281,0.5259586366310808,0.09521834375880191,0.6476987201133689,False,0.4332585738140836,0.060602302353955056,0.5348333667523051,0.1390466173671652,0.09600407422622785,10.557036689180311,0.11541686102944763,0.5395574828663017,0.1778723144962851,0.5797255219216763,False,0.44310234407190907,0.06197920561109313,0.6058643859458683,0.03404264299130315,0.021234580338266414,10.461622174016139,0.22980680008684742
C:\Git programs\AIMS research\EXCV cursor\data\COVID_19_dataset\test\COVID\COVID-122.png,COVID,COVID,True,0.9999899864196777,0.18766479411555903,0.3328997958013256,0.04242979242979243,0.33333254613374413,0.251859098534563,0.7554159478451989,False,0.43551553236742624,0.08173093271586113,-4.124641418457031e-06,0.9999958276748657,0.999994064632215,10.720755042249884,0.3455160372111416,0.33333006814906474,0.14615155023739684,0.5118289450391548,False,0.33072617584259134,0.06206565969812608,-9.506940841674805e-06,0.9999994415985911,0.9999997302105552,10.502424945967727,0.18606818927278607
C:\Git programs\AIMS research\EXCV cursor\data\COVID_19_dataset\test\COVID\COVID-1258.png,COVID,COVID,True,0.9999542236328125,0.09057535602574676,0.1741299550307365,0.007020757020757021,0.333383486406845,0.07183611734867107,0.7451724532070161,False,0.3784559657294442,0.034278783836012225,6.237924098968506e-05,0.9999754366121795,0.9998873566326342,10.748108158757816,0.08939737316537233,0.3333168677070685,0.08182107516585707,0.6030532439771386,False,0.3387890428257261,0.030685938171562108,-4.314780235290527e-05,0.9999921886544478,0.9999984377308895,10.493699301838424,0.09383032014789242
C:\Git programs\AIMS research\EXCV cursor\data\COVID_19_dataset\test\COVID\COVID-1284.png,COVID,COVID,True,0.9999973773956299,0.13695976766895077,0.2604885219068881,0.013431013431013432,0.33334286286119824,0.2115388900697431,0.708361658466809,False,0.40930730970544493,0.05605863404246102,1.2928247451782227e-05,0.9999993600343402,0.9999836996981972,10.800542763817083,0.2909990255710995,0.33333248997989456,0.11913944507800472,0.5313870612716953,False,0.32849094789686784,0.04499004390530843,-2.473592758178711e-06,0.999999855694018,0.9999999121615761,10.560053983152415,0.14970646206716032
C:\Git programs\AIMS research\EXCV cursor\data\COVID_19_dataset\test\COVID\COVID-1318.png,COVID,COVID,True,0.9993413090705872,0.06388989379289434,0.0764977363037374,0.05128205128205128,0.33365809802423446,0.3422193593821906,0.6358264975314064,False,0.42687699628377296,0.027273125955200005,0.00016573667526245117,0.9999580728380304,0.9991495154405896,10.866203392117352,0.48022277448612605,0.3331088847758477,0.5401280619786947,0.5594664341579055,False,0.46312190275131915,0.02958880917994492,-0.0006250172853469848,0.9999335596435949,0.9999818880307048,10.388737966238208,0.7444985013531377
C:\Git programs\AIMS research\EXCV cursor\data\COVID_19_dataset\test\COVID\COVID-1322.png,COVID,COVID,True,0.9998829364776611,0.192796862551116,0.2998183893268962,0.08577533577533578,0.33330248259661494,0.3376382768659675,0.6085875033673654,False,0.41718872710864585,0.08043267767824064,-8.698701858520508e-05,0.999965975159093,0.999971540350663,10.966741499543293,0.477563527025551,0.3332941782056239,0.27197344847147853,0.5188904066130567,False,0.37057682780761014,0.07144604973545239,-0.00010775923728942872,0.999983699698197,0.9999934058440358,10.623127049236263,0.37047812404853797
C:\Git programs\AIMS research\EXCV cursor\data\COVID_19_dataset\test\COVID\COVID-1328.png,COVID,COVID,True,0.9998807907104492,0.06914112224952261,0.09279994901674973,0.04548229548229548,0.3341711670160293,0.26520201002473787,0.7643256555603948,False,0.44252676648195155,0.030596797260014557,0.001170012354850769,0.999989672711021,0.9986461840177837,10.677747031904353,0.36291535425307,0.3332950610863535,0.5153690034636963,0.5513114889086592,False,0.45332217214624804,0.03134320372278287,-0.00011236667633056641,0.9999936066175761,0.999996056682185,10.423879001509434,0.7104863944741446
C:\Git programs\AIMS research\EXCV cursor\data\COVID_19_dataset\test\COVID\COVID-133.png,COVID,COVID,True,0.9844411611557007,0.007783882783882784,-0.179894822784901,0.015567765567765568,0.33386904111034,0.3552188771472823,0.8156429752691086,False,0.48480617216905325,0.0037736744170668063,-0.0059702426195144655,0.9978887783853632,0.9903114124348288,10.434639361129204,0.4821163189541323,0.32853505501621644,0.15767833970308637,0.6175905901963565,False,0.3639947009763195,0.002833292086354135,-0.014318296313285827,0.9990222987375761,0.9990988373756409,10.340886739176685,0.19629261074560508
C:\Git programs\AIMS research\EXCV cursor\data\COVID_19_dataset\test\COVID\COVID-1339.png,COVID,COVID,True,0.999855637550354,0.07444615921282183,0.09577876531209055,0.05311355311355311,0.33337254200065347,0.47239720502418947,0.6828809779669401,False,0.4799324716976002,0.03572912919940265,2.3287534713745117e-05,0.9999216669484189,0.9998273284811722,10.787561060448747,0.6631521012451714,0.3327485868805334,0.25238810934968875,0.5388936876040988,False,0.37048397383834963,0.027581108902168694,-0.00011582374572753907,0.9983353457952802,0.9999737614079526,10.669270404873338,0.34428221433029144
C:\Git programs\AIMS research\EXCV cursor\data\COVID_19_dataset\test\COVID\COVID-1340.png,COVID,COVID,True,0.9999948740005493,0.06255783269515255,0.12023166050630023,0.004884004884004884,0.33334876894950866,0.22746915568653214,0.7634209249343163,False,0.430606531766058,0.02693781137166095,2.1392107009887694e-05,0.9999971389770508,0.9999722242355347,10.750214117135666,0.311811666925925,0.33333166931804864,0.46804166484089577,0.5379655810391576,False,0.43513484149123544,0.027221092613840432,-4.810094833374024e-06,0.9999996235496119,0.9999998055006327,10.381339048895764,0.6412320130841959
C:\Git programs\AIMS research\EXCV cursor\data\COVID_19_dataset\test\COVID\COVID-1393.png,COVID,COVID,True,0.9998575448989868,0.14695814663703544,0.2374449868027644,0.05647130647130647,0.3332581798235576,0.3402323320955906,0.7799472448296006,False,0.4693571450069804,0.06897585614107613,-0.00012967586517333984,0.9998945123270939,0.9999902969912479,10.85219797350177,0.47684294404145794,0.3333188920167455,0.2102199443215008,0.5819994518433885,False,0.370993375656165,0.05452049890104747,3.0115246772766113e-05,0.999748656624242,0.9998220958207782,10.572477813571318,0.2803015627328922
C:\Git programs\AIMS research\EXCV cursor\data\COVID_19_dataset\test\COVID\COVID-1459.png,COVID,COVID,True,0.9999899864196777,0.10140926555852801,0.1262007044992294,0.07661782661782662,0.3333293698335949,0.3835455666884412,0.7455098529495467,False,0.47204837382483433,0.04787007889767393,-6.4194202423095705e-06,0.9999910091098986,0.9999964801888717,10.935433856613193,0.5419355290613033,0.33332968218284736,0.17969467803224362,0.5952824128658828,False,0.3658250001425769,0.03709804458740713,-7.891654968261719e-06,0.9999949681131461,0.9999980299096358,10.56052800152126,0.23623225550044866
C:\Git programs\AIMS research\EXCV cursor\data\COVID_19_dataset\test\COVID\COVID-1469.png,COVID,COVID,True,0.9999254941940308,0.06172265547433643,0.0910887785921405,0.03235653235653236,0.35678746559117963,0.40244935304449336,0.8522974754399724,False,0.5191390347818117,0.03204263978711732,0.034244152903556827,0.9999953006443224,0.9638770567743402,10.129199164939278,0.5377851133698439,0.33331086572847873,0.31970331543104763,0.5562816828540328,False,0.3961198457769156,0.024449568767435845,-6.802082061767578e-05,0.9999957523847882,0.9999951343787343,10.556486577696854,0.43608841940651866
C:\Git programs\AIMS research\EXCV cursor\data\COVID_19_dataset\test\COVID\COVID-1483.png,COVID,COVID,True,0.9999810457229614,0.2073940125128786,0.3580114682492004,0.056776556776556776,0.3334317740118295,0.37806039755675325,0.7946209206994878,False,0.48517710508160405,0.1006228266022564,0.00014138519763946534,0.999985657240215,0.9998317204023662,10.83620675956395,0.5302650792079612,0.33328252188992086,0.28356690318522626,0.4716054989796186,False,0.3598647294054218,0.07463379019325171,3.779232501983642e-05,0.999750538876182,0.9999407655314394,10.654601023840154,0.38825647043634104
C:\Git programs\AIMS research\EXCV cursor\data\COVID_19_dataset\test\COVID\COVID-1520.png,COVID,COVID,True,1.0,0.024114774114774116,-0.07100776580103378,0.04822954822954823,0.3333333465090969,0.355687950108189,0.6460139107338067,False,0.4338438968562375,0.010462047573761526,8.344650268554687e-08,0.9999998682423641,0.9999999121615761,10.98972813301795,0.5042370611783841,0.33332918390893096,0.18693411510537594,0.568074963990241,False,0.3598343972922575,0.008677325209428677,2.4437904357910154e-07,0.9999870501066509,0.9999997427589016,10.593580185189786,0.24785156439427522
C:\Git programs\AIMS research\EXCV cursor\data\COVID_19_dataset\test\COVID\COVID-1572.png,COVID,COVID,True,0.9998879432678223,0.042582417582417584,-0.030812931747210396,0.08516483516483517,0.33328191465453094,0.3577895195000591,0.6464565134400008,False,0.4345865757438303,0.018505747044036732,-7.881224155426025e-05,0.999892510865864,0.9999679546607169,10.999803563127662,0.5076286542307191,0.3331521092276824,0.1803302352989667,0.5515166111130454,False,0.3528148976146766,0.015023711299526064,-6.932914257049561e-05,0.999483629276878,0.9999579724512602,10.675418665659556,0.24157998529389482
C:\Git programs\AIMS research\EXCV cursor\data\COVID_19_dataset\test\COVID\COVID-1597.png,COVID,COVID,True,0.9999983310699463,0.23397376624436717,0.4093394738806757,0.05860805860805861,0.33333331137372735,0.25362353582086045,0.751913676013177,False,0.4349944880997022,0.10177729867622788,-4.76837158203125e-07,0.999999203180012,0.9999987922216718,10.598694546637786,0.34331980284224445,0.333332791140205,0.11761675882223893,0.5062570475198555,False,0.3204952583587103,0.07498748266164894,-1.5795230865478516e-06,0.999999905887403,0.9999999529437015,10.495915451973191,0.14505265114297256
C:\Git programs\AIMS research\EXCV cursor\data\COVID_19_dataset\test\COVID\COVID-1621.png,COVID,COVID,True,0.9999904632568359,0.09995208530616059,0.17945240016055072,0.020451770451770452,0.3333324244147853,0.3454856564185778,0.7160474335028789,False,0.4517928967423511,0.04515764215590888,-1.5974044799804688e-06,0.9999907644171464,0.9999918937683105,10.725151786363904,0.47943816885605617,0.33332907463374895,0.5836361350792614,0.5253856562235782,False,0.46603816724435143,0.04658148664833415,-7.236003875732422e-06,0.9999922890412181,0.9999978291360955,10.461867643286372,0.8094788867401758
C:\Git programs\AIMS research\EXCV cursor\data\COVID_19_dataset\test\COVID\COVID-1645.png,COVID,COVID,True,0.9998396635055542,0.25766363884785515,0.4478669602353928,0.06746031746031746,0.33328695014903426,0.1996134696211934,0.7587688775233126,False,0.4208294842029655,0.10843245623420207,-0.0001269400119781494,0.999956858785529,0.999969068326448,10.664842184729837,0.2687187494170572,0.3332811579369663,0.1019390578249622,0.5254654190393359,False,0.3215338062340759,0.08284757052687317,-0.00015226602554321289,0.9999914671245375,0.9999957272880955,10.494716418764908,0.12260960045230622
C:\Git programs\AIMS research\EXCV cursor\data\COVID_19_dataset\test\COVID\COVID-1663.png,COVID,COVID,True,0.9999855756759644,0.2251475175862187,0.3275844124618147,0.1227106227106227,0.33333295824234943,0.20575782637378165,0.7200898362339627,False,0.41108748207926304,0.09255532610091524,-2.8192996978759764e-06,0.9999898609362151,0.9999881669094689,10.818388724178583,0.28342999560847887,0.3333283875072212,0.10085393177226669,0.5210401035163409,False,0.31989956558947075,0.07202459306937908,-1.3488531112670899e-05,0.9999980487321554,0.9999993976793791,10.493324067858719,0.12100561490164652
C:\Git programs\AIMS research\EXCV cursor\data\COVID_19_dataset\test\COVID\COVID-1687.png,COVID,Normal,False,0.7283045649528503,0.11574163234889556,0.15089718411171052,0.08058608058608059,0.540774966358233,0.2472353193674804,0.2868335922610473,False,0.3765306600318515,0.04358027322149354,0.5776417102947768,0.18421167190171756,0.13952848312179533,10.856714486985249,0.34416460313356984,0.5457329969270871,0.15063597492268174,0.5853886923786126,False,0.4391005989612231,0.05082222008914972,0.651144583231413,0.04821144547518452,0.06215703792533614,10.519389632729428,0.19313008711233606
C:\Git programs\AIMS research\EXCV cursor\data\COVID_19_dataset\test\Normal\Normal-1002.png,Normal,Normal,True,0.9971900582313538,0.23450193391482205,0.24311864194441818,0.2258852258852259,0.6924979261148964,0.31214044437532285,0.6196140307096397,False,0.5565255129714474,0.13050630906474278,0.7844128027975047,0.49081567964177075,0.1977347040945863,10.879330022532457,0.437760156385336,0.6090837975432367,0.19830284943936244,0.5821225903952345,False,0.47776115096767374,0.11203591385129075,0.8011840227471065,0.20614815824076693,0.1800807883581634,10.442915769000352,0.25827039542296326
C:\Git programs\AIMS research\EXCV cursor\data\COVID_19_dataset\test\Normal\Normal-10163.png,Normal,Normal,True,0.9999886751174927,0.08712244816404514,0.14158311366630763,0.032661782661782664,0.6793779756784474,0.36178848833168026,0.7873938369721877,False,0.6165058878625393,0.05371150225813271,0.6568867133536289,0.7160916817939371,0.33484446811222385,10.761925922815813,0.5041490143825992,0.6305682252921566,0.2123691570446457,0.5857332720644335,False,0.4916580188495864,0.04283445026166022,0.7411396093328355,0.39672227573037766,0.2461572091867432,10.39366943035643,0.27646206391595207
C:\Git programs\AIMS research\EXCV cursor\data\COVID_19_dataset\test\Normal\Normal-10173.png,Normal,Normal,True,0.9999179840087891,0.21440338484714944,0.343947184834714,0.08485958485958486,0.5730324504099403,0.2712256131070588,0.6693866721141447,False,0.5113966657303372,0.10964517613213051,0.6122889066108331,0.4885254212340467,0.3817169766150591,10.852265786947532,0.37826453747182065,0.5540764098834782,0.1730991576304248,0.5878875353140908,False,0.44992657183674595,0.09646577993447247,0.6819403114079954,0.2886886266499588,0.3083997084075198,10.463985169881061,0.2230793192717604
C:\Git programs\AIMS research\EXCV cursor\data\COVID_19_dataset\test\Normal\Normal-1076.png,Normal,Normal,True,0.9700911641120911,0.30948422983391355,0.36408445478382223,0.25488400488400487,0.7543857281594081,0.2423909115864483,0.5719548285845798,False,0.5460580133150716,0.16899634369545186,0.8715976557174692,0.46971944692431883,0.0781599181635635,10.800145106230252,0.33505797509598667,0.6987025850711758,0.22198401720763014,0.5892430986521147,False,0.5228491687863938,0.16181357232115895,0.9133293931053016,0.2170101356530177,0.03423177354479232,10.383555150229666,0.28980672606536617
C:\Git programs\AIMS research\EXCV cursor\data\COVID_19_dataset\test\Normal\Normal-1129.png,Normal,Normal,True,0.999961256980896,0.36646088368300106,0.5253515597957945,0.20757020757020758,0.6384326501951981,0.2089310044142735,0.6105370569055014,False,0.5012134784740118,0.18367513423541718,0.6459377250826829,0.6157018046684949,0.3463415791655834,10.944289687176749,0.2928283757099118,0.6770617018769501,0.13368023323059447,0.5738537038690166,False,0.48308486188066335,0.1770317053786684,0.7952560827386015,0.42509338347265513,0.18916436058040587,10.38816201030492,0.16383648897811803
C:\Git programs\AIMS research\EXCV cursor\data\COVID_19_dataset\test\Normal\Normal-1139.png,Normal,COVID,False,0.6401203274726868,0.006257631257631258,-0.09938466211946431,0.012515262515262516,0.26958362948999065,0.3357491406696969,0.6587470956828719,False,0.4061823227017669,0.002541739198835843,-0.2462090000510216,0.9445695061432687,0.8896096176222752,10.147575235434337,0.443209213524802,0.22542475848867174,0.12149042323935641,0.497143063985595,False,0.27575994956295413,0.0017256040799879609,-0.32677586674690245,0.9774669879361202,0.9744168457232024,10.410022563941178,0.14726724557069176
C:\Git programs\AIMS research\EXCV cursor\data\COVID_19_dataset\test\Normal\Normal-1182.png,Normal,Normal,True,0.998513400554657,0.37889197375844064,0.5126679524008861,0.2451159951159951,0.7385363124634569,0.2500137500244066,0.5607904810573787,False,0.5386557943099183,0.20409235708250556,0.777282588778719,0.6449239741416458,0.20659762552999422,10.935837234099257,0.3511913789349705,0.7184296924429123,0.16382515888111165,0.5955009109101446,False,0.5151696979145418,0.19519366366338037,0.8365843639992283,0.4628794175747565,0.14417470424524778,10.210751401285252,0.20004488082259528
C:\Git programs\AIMS research\EXCV cursor\data\COVID_19_dataset\test\Normal\Normal-1282.png,Normal,Normal,True,0.9960373044013977,0.2287892723209497,0.41514875221210695,0.04242979242979243,0.7364122200910505,0.1859136694219958,0.6598123353051205,False,0.548282689454555,0.1254411975464809,0.7912199570389015,0.6074019135214412,0.18938521028719124,10.956308110421013,0.26041090392488486,0.6808232134385627,0.14471903461865057,0.5945840874260743,False,0.49412022198884253,0.11304940602789341,0.8037259058756205,0.41496478805702797,0.17622105361696055,10.384849602308602,0.17947820182026006
C:\Git programs\AIMS research\EXCV cursor\data\COVID_19_dataset\test\Normal\Normal-1344.png,Normal,Normal,True,0.9999672174453735,0.37771499784814494,0.4889464792127734,0.2664835164835165,0.621511386844729,0.2922561072195569,0.7020205028311874,False,0.5468875377531148,0.20656762514559504,0.6019851214178142,0.6551626344343895,0.3926135953180171,10.927801151953531,0.41122706021751154,0.706984190994384,0.19426882360022907,0.6334237167719867,False,0.5311014385094183,0.2006049787037316,0.7636485264958905,0.5797456364599353,0.22244158997267371,10.193915241175631,0.2428852202955015
C:\Git programs\AIMS research\EXCV cursor\data\COVID_19_dataset\test\Normal\Normal-1432.png,Normal,Normal,True,0.7773885130882263,0.051096155685619704,0.052436511615439656,0.04975579975579975,0.6301810420929767,0.21372951452317343,0.7538714159838314,False,0.5423526959892921,0.027712137790784446,0.7224233198354986,0.20553878485961116,0.037418978416179756,10.583383684789055,0.2857366767617746,0.5791745402919162,0.15479430507464706,0.5486216935177924,False,0.4426946156944983,0.02261999300471167,0.723057419554448,0.05121770634911229,0.036751505027811875,10.50041921736363,0.19833747328911225
C:\Git programs\AIMS research\EXCV cursor\data\COVID_19_dataset\test\Normal\Normal-1454.png,Normal,Normal,True,0.9995637536048889,0.08638694298183527,0.10287156606135064,0.0699023199023199,0.6894032291924627,0.26440461434437806,0.7009885319600281,False,0.5653792355683069,0.04884138378615294,0.8063759429707019,0.4388850254130926,0.17705128080640653,10.806086191861318,0.36673570693171054,0.6614474270238456,0.1264954057769708,0.5830197645786409,False,0.4774335219162217,0.04124402243539344,0.8596036559051493,0.24576073446284946,0.12102210929646187,10.536039320696586,0.1592869639290678
C:\Git programs\AIMS research\EXCV cursor\data\COVID_19_dataset\test\Normal\Normal-1525.png,Normal,Normal,True,0.9959046244621277,0.026556776556776556,-0.12366320759940211,0.05311355311355311,0.882573311124534,0.4182395372852124,0.8276957095551684,False,0.7268098985019278,0.019301728073769144,0.9009358548656703,0.8205401261795103,0.07375604767157835,10.581587324623571,0.5778244342815876,0.7184026415722325,0.21616730670756298,0.6010653376630567,False,0.5325308499400789,0.014142302791448982,0.9457149227832774,0.23611318863909642,0.026620186705675928,10.450004640945819,0.2840649883168539
C:\Git programs\AIMS research\EXCV cursor\data\COVID_19_dataset\test\Normal\Normal-1588.png,Normal,Normal,True,0.9999934434890747,0.2118371794603584,0.3852128204591783,0.038461538461538464,0.6475422001617693,0.3131289685177237,0.6733539018818496,False,0.5549617411845797,0.11756152996095079,0.6387369169443153,0.6578440944306361,0.3539544108896433,10.873144210217848,0.43893329156867233,0.6445734858532302,0.2393980622524417,0.5689615113624266,False,0.5003372664257526,0.10599003529853732,0.7919084707689921,0.3345331831280505,0.19272119633735202,10.306055074441336,0.3116890500130877
C:\Git programs\AIMS research\EXCV cursor\data\COVID_19_dataset\test\Normal\Normal-1728.png,Normal,Normal,True,0.9978005290031433,0.2224976514889698,0.43003803802067464,0.014957264957264958,0.6276013150828746,0.3905533399585261,0.661170991412539,False,0.5665578254444694,0.12605778559409214,0.635290979989071,0.6028441616202288,0.3553311963606757,10.840999929292026,0.5482973651979091,0.6970025810539785,0.4607861199759558,0.5698361932111945,False,0.5879877263777364,0.13082588822338534,0.9180256061219352,0.23069793747134562,0.05771580043134524,10.43923770762176,0.6331043625936955
C:\Git programs\AIMS research\EXCV cursor\data\COVID_19_dataset\test\Normal\Normal-1774.png,Normal,Normal,True,0.9997199177742004,0.13124195867588115,0.2035706084384534,0.05891330891330891,0.7138828147969875,0.3808437810789416,0.6972561425609222,False,0.6089831030107541,0.07992413523964727,0.7626735467590805,0.6021888508407188,0.22321395320883697,10.9445899401878,0.53842965952185,0.6423721317084518,0.49430923447402514,0.5311940883485589,False,0.5645998495301559,0.07409919012044543,0.8548467288798118,0.19845921722203158,0.1261895509764881,10.487084363605923,0.6828434940189232
C:\Git programs\AIMS research\EXCV cursor\data\COVID_19_dataset\test\Normal\Normal-1823.png,Normal,Normal,True,0.99284827709198,0.044413919413919416,-0.09438511803886646,0.08882783882783883,0.8171573450652397,0.5815513370456575,0.7743372388690122,False,0.7336295108004968,0.03258336197236639,0.859476829744142,0.7062574186221402,0.11426221317056291,10.502356756440864,0.8080652496231876,0.6141102754452766,0.24877728552850037,0.5442816198164047,False,0.48356178178158216,0.021476874007698477,0.8254695850335267,0.16692055416825058,0.15005931286594726,10.602449405295102,0.3365416894593412
C:\Git programs\AIMS research\EXCV cursor\data\COVID_19_dataset\test\Normal\Normal-1844.png,Normal,Normal,True,0.9999986886978149,0.3396268481890181,0.3575198746442145,0.32173382173382176,0.6478925997859947,0.3031777688721454,0.6591827773404545,False,0.5478652037781778,0.18606973239161667,0.6334903454757226,0.6696699545604684,0.35948250067820714,10.834822048879925,0.42323638514324713,0.6835524151934519,0.2717953445590874,0.5980886833877616,False,0.5343861744614354,0.18149189214812408,0.787386546205374,0.4607571992851347,0.19748649991015294,10.437002371317025,0.36303115908919864
C:\Git programs\AIMS research\EXCV cursor\data\COVID_19_dataset\test\Normal\Normal-1845.png,Normal,Normal,True,0.9999736547470093,0.11572778505298176,0.1960465346969281,0.03540903540903541,0.7254400431849358,0.3570500694877101,0.7280002022703126,False,0.6156910988013812,0.0712525671411204,0.721053004897762,0.7225527107209563,0.2672855860639112,10.872594715712133,0.5016564870704817,0.5975289350049714,0.21293973568872773,0.5407001581425178,False,0.4651035421513622,0.053825402753473285,0.7437523794425651,0.2922259331680464,0.24339150759569728,10.466322810360676,0.28008476566738927
C:\Git programs\AIMS research\EXCV cursor\data\COVID_19_dataset\test\Normal\Normal-199.png,Normal,Normal,True,0.6499080657958984,0.06173603816710038,0.1079043107664352,0.015567765567765568,0.5056043337199917,0.2739544972990752,0.6175446980831741,False,0.46969149210267147,0.028996891883212854,0.5040086515437366,0.14929928964237607,0.13649494002613757,10.915471003143216,0.38460542163801803,0.5539601586589575,0.12411984184767283,0.6089823885716446,False,0.44151473258937823,0.027257370382474975,0.5913857303123686,0.11501381330260807,0.044519067638103996,10.408903304146332,0.15098030562126455
C:\Git programs\AIMS research\EXCV cursor\data\COVID_19_dataset\test\Normal\Normal-20.png,Normal,Normal,True,0.9998676776885986,0.06498786698612288,0.1260074800039918,0.003968253968253968,0.7353954927300926,0.3646237602521359,0.6808527996349619,False,0.6078011650581664,0.03949970126881064,0.778085146758087,0.6352443190052481,0.20714298757305724,10.929049739601487,0.514657671635691,0.6331642744387893,0.2741401763634642,0.542578514210016,False,0.4982813169475597,0.03238223994745815,0.8645059263469163,0.15116064287005726,0.11617374590060543,10.459043542955197,0.3672326694084274
C:\Git programs\AIMS research\EXCV cursor\data\COVID_19_dataset\test\Normal\Normal-2017.png,Normal,Normal,True,0.9999252557754517,0.14516604958881596,0.16701097585650856,0.12332112332112333,0.7913865055458201,0.2891304321974973,0.770567676627941,False,0.6344640348659596,0.09210263754767214,0.8563190614945071,0.6426910475596455,0.12485059241669225,10.6591021382413,0.3963783083670409,0.6047657982138479,0.13619803852724488,0.5279570182663392,False,0.4411528363236144,0.06404041451400062,0.807743571537656,0.18253651021200226,0.17598268710811463,10.576046109518321,0.17469387488932567
C:\Git programs\AIMS research\EXCV cursor\data\COVID_19_dataset\test\Normal\Normal-2090.png,Normal,Normal,True,0.9999597072601318,0.07524420024420024,-0.04178626698261001,0.15048840048840048,0.6778118751881413,0.3369580719546332,0.749618986670359,False,0.5970978676627542,0.04492815151980125,0.7142230878499058,0.5936731974122139,0.27446065969769573,10.724065342665197,0.4672139212217693,0.5528193523745969,0.13094434368232724,0.5392986109142032,False,0.42220062732879793,0.031768148545955034,0.625016604598977,0.40180367353927643,0.36836222101446287,10.53913489335729,0.16576221363296026
C:\Git programs\AIMS research\EXCV cursor\data\COVID_19_dataset\test\Normal\Normal-2201.png,Normal,Normal,True,0.9999814033508301,0.09777177113816617,0.1003054470382371,0.09523809523809523,0.6750026468377749,0.3486999240886522,0.7068885178072245,False,0.586677591303873,0.057360507188852855,0.6964396698377708,0.621770584596268,0.2932023139207144,10.85239610831664,0.4889471606774791,0.6308465476655097,0.19547131150147395,0.5909218995574436,False,0.48825658238387915,0.04773771082953981,0.8145285303386478,0.24690936289346208,0.16889825023558058,10.44427087318852,0.25427770735344823
C:\Git programs\AIMS research\EXCV cursor\data\COVID_19_dataset\test\Normal\Normal-2228.png,Normal,Normal,True,0.9999992847442627,0.12980400683404492,0.22603048009055624,0.033577533577533576,0.7358664364643398,0.34092001022808555,0.7498669511328971,False,0.6215826629940308,0.080683920235201,0.7105192819743911,0.7754800489442699,0.27840002152564175,10.783077417187405,0.4751542730570341,0.7272388856071937,0.2967048906631099,0.5814736369582217,False,0.554349112529277,0.07195673599119701,0.8685775817097472,0.4251619390213114,0.11202286390947738,10.418159789038695,0.3978880794160928
C:\Git programs\AIMS research\EXCV cursor\data\COVID_19_dataset\test\Normal\Normal-2463.png,Normal,Normal,True,0.9979324340820312,0.033577533577533576,-0.07371867094815483,0.06715506715506715,0.8462729844678933,0.2451334246083071,0.7163554395904898,False,0.6269558530467965,0.021051631207310014,0.8814183041984307,0.7537854751224909,0.09638482591724161,10.502034985266535,0.32745579745346803,0.7543646854139409,0.20530634628016586,0.579724000230612,False,0.5372549781188096,0.018039697067481396,0.9302494944696841,0.3778281347722712,0.04498357300013271,10.558279538354,0.27273346424763156
C:\Git programs\AIMS research\EXCV cursor\data\COVID_19_dataset\test\Normal\Normal-251.png,Normal,Normal,True,0.9999526739120483,0.35423416296954036,0.4438163112870661,0.26465201465201466,0.7047294096541373,0.2062444143319764,0.6687553719797915,False,0.5443916997551853,0.1928421380903434,0.7207750140180431,0.6609698916490288,0.26755667670465955,10.869992874967336,0.2861192923103344,0.6722265721089222,0.17652830437983064,0.5806903028447286,False,0.49605621101093667,0.17572005669330085,0.7840696714992231,0.4335407662888558,0.20093072146131213,10.376707894798091,0.22460539073668384
C:\Git programs\AIMS research\EXCV cursor\data\COVID_19_dataset\test\Normal\Normal-2587.png,Normal,Normal,True,0.9996370077133179,0.0644268925561293,0.08337148962996312,0.04548229548229548,0.7453156179114462,0.3618290065043213,0.6959902857999857,False,0.6154720348558705,0.03965295066096144,0.7873891792906342,0.6456700812272367,0.19711240678353226,10.820861074626672,0.5064843649306104,0.6815841943280073,0.2556955277487759,0.5515394313289957,False,0.5148041654545344,0.0331672326551871,0.9144775691488831,0.1936101681363035,0.06333515430116493,10.479123671849866,0.341659140201107
C:\Git programs\AIMS research\EXCV cursor\data\COVID_19_dataset\test\Normal\Normal-2629.png,Normal,Normal,True,0.9928975105285645,0.21718946879250592,0.3101420633481376,0.12423687423687424,0.6105215715062915,0.2405538411081524,0.5988587357469313,False,0.49603240165904167,0.10773301382019819,0.7010288439383899,0.41163550992994147,0.281099639349457,10.823195275885697,0.33332433063021283,0.6379848691015376,0.29760845237896805,0.5910278013135787,False,0.5217848237483791,0.11332616869390179,0.8757383443388911,0.13541116505149325,0.09719490208577168,10.485209183323326,0.401769912991311
C:\Git programs\AIMS research\EXCV cursor\data\COVID_19_dataset\test\Normal\Normal-2683.png,Normal,Normal,True,0.9999908208847046,0.026404151404151404,-0.08765418540317801,0.05280830280830281,0.7314834661271208,0.41141533477914055,0.7341281285097212,False,0.6362564254375068,0.0167998109891161,0.7239435228480822,0.7347674306616091,0.26426055512832886,10.784909203010718,0.5759326663886287,0.6285340897155486,0.2955082770694136,0.5462227331930491,False,0.5039329389649583,0.013305921617969747,0.7739462367155052,0.32328215190955034,0.21162611947840973,10.52666772507555,0.4003717705648516
C:\Git programs\AIMS research\EXCV cursor\data\COVID_19_dataset\test\Normal\Normal-270.png,Normal,Normal,True,0.999933123588562,0.3380383381649215,0.36991062016378684,0.3061660561660562,0.7297222541878731,0.18768204838188962,0.677373052109362,False,0.5514054318225248,0.1863961758283972,0.7829188744470791,0.6083699102592299,0.20212202214268996,10.809572084716644,0.25726674877999794,0.7320605754130698,0.22897907174658702,0.598405476601211,False,0.5410395946695673,0.18289212546352326,0.8576919769051828,0.4619032425734494,0.12341349323942276,10.382722809430081,0.2997674964618075
C:\Git programs\AIMS research\EXCV cursor\data\COVID_19_dataset\test\Viral Pneumonia\Viral Pneumonia-1007.png,Viral Pneumonia,Viral Pneumonia,True,0.9999566078186035,0.15712269854038702,0.24556407839945532,0.06868131868131869,0.6061925569146878,0.061659031975743475,0.6051374302601176,False,0.44251596143663346,0.06952930200811769,0.5865282059708079,0.6409225898806223,0.40887312510736695,10.921168837490356,0.08154637039101988,0.5077629871630678,0.025307199876112123,0.5700587580443509,False,0.381714982241366,0.059976088083059334,0.5505563299033589,0.41947088939578914,0.44673825780994486,10.6145590432961,0.017766670170866902
C:\Git programs\AIMS research\EXCV cursor\data\COVID_19_dataset\test\Viral Pneumonia\Viral Pneumonia-1009.png,Viral Pneumonia,Viral Pneumonia,True,0.9278717041015625,0.00015262515262515263,-0.2600530819308859,0.00030525030525030525,0.6457841058958015,0.375845832180009,0.7362000925248311,False,0.5919274197697726,9.034301278537432e-05,0.6020800373862372,0.6537881792992746,0.31851589899810717,10.873644834474941,0.5285481570183581,0.5738573768020926,0.1722470706391097,0.582017364010058,False,0.4558222811155873,6.956994522521174e-05,0.6506647766123252,0.33828142202775646,0.2673740682338039,10.465950484786928,0.22193799901814457
C:\Git programs\AIMS research\EXCV cursor\data\COVID_19_dataset\test\Viral Pneumonia\Viral Pneumonia-1019.png,Viral Pneumonia,Viral Pneumonia,True,0.9997795224189758,0.01098901098901099,-0.16759736505957817,0.02197802197802198,0.6738778735633574,0.3539537951408481,0.6774020544496798,False,0.5789579043025014,0.006362174772554961,0.6593428429407879,0.6943351467006753,0.33204436895139106,10.896483899866062,0.4981564024904045,0.6327843121069854,0.2418289289839318,0.541989210268277,False,0.4882591666184568,0.00536548534745557,0.804760852040544,0.27256486470574415,0.17897278042533205,10.582640572047644,0.3258499808557101
C:\Git programs\AIMS research\EXCV cursor\data\COVID_19_dataset\test\Viral Pneumonia\Viral Pneumonia-1026.png,Viral Pneumonia,Viral Pneumonia,True,0.9835839867591858,0.020604395604395604,-0.14020850955127281,0.04120879120879121,0.7228261513683324,0.3189754751261522,0.7218634336785769,False,0.6013821331887517,0.012391115381636366,0.7448573230276498,0.6490398821072595,0.22541875102991224,10.647452486488195,0.438563899296933,0.5151889503561601,0.09971456020574168,0.5653901926533581,False,0.40560700600019395,0.008357287211542457,0.61798159012842,0.2865574150217933,0.35897215408173316,10.469886472102926,0.11847222775748822
C:\Git programs\AIMS research\EXCV cursor\data\COVID_19_dataset\test\Viral Pneumonia\Viral Pneumonia-1030.png,Viral Pneumonia,Viral Pneumonia,True,0.9846707582473755,0.018772893772893772,-0.200020298307316,0.037545787545787544,0.6336151092110609,0.3849412811346119,0.520970976596013,False,0.5252197210036118,0.00985989402982971,0.6462524915055397,0.5849111082747677,0.33031827214712445,10.744238494420204,0.5365409264609188,0.5110219355055915,0.23200912195005297,0.5368426013642361,False,0.43506429119652335,0.008167415723011657,0.636660157273813,0.23682111531821937,0.34041546607525774,10.470133627674109,0.30747400980606343
C:\Git programs\AIMS research\EXCV cursor\data\COVID_19_dataset\test\Viral Pneumonia\Viral Pneumonia-1033.png,Viral Pneumonia,Viral Pneumonia,True,0.9999980926513672,0.028083028083028084,-0.20865341364718448,0.05616605616605617,0.582408492075828,0.27607001336541653,0.5207968094949752,False,0.47202344368844873,0.01325584762495033,0.5387892131228647,0.6676035334946129,0.4591672703899936,10.9333986643699,0.3883203771242148,0.46502797205354957,0.2071001909895047,0.5746248798835033,False,0.42052871008332227,0.011809719574989514,0.5379484220343229,0.3171878077674161,0.4600523136410903,10.545112286559009,0.27478726930918423
C:\Git programs\AIMS research\EXCV cursor\data\COVID_19_dataset\test\Viral Pneumonia\Viral Pneumonia-1067.png,Viral Pneumonia,Viral Pneumonia,True,0.773873507976532,0.006105006105006105,-0.06788194191833888,0.01221001221001221,0.6707496743379053,0.4447048495624934,0.6754730139958998,False,0.60435322880268,0.0036895801514205133,0.6316754614029436,0.509806755006061,0.12923319339528871,10.72978153680855,0.6213587836511243,0.5091824175158862,0.2122208168532877,0.5054005968452281,False,0.4189593911159092,0.0025577496405122663,0.5515294383272733,0.1896152424321692,0.21359742821178376,10.422133873985867,0.2773501184193474
C:\Git programs\AIMS research\EXCV cursor\data\COVID_19_dataset\test\Viral Pneumonia\Viral Pneumonia-1070.png,Viral Pneumonia,Viral Pneumonia,True,0.9998980760574341,0.06761294261294261,-0.07326135485390313,0.13522588522588522,0.6409583706444757,0.4924439588475206,0.5900069477198748,False,0.581118620228009,0.03929113992078876,0.5980287781363007,0.721553539561132,0.3967072057640057,10.86696895227053,0.6948589291643607,0.5890899230124225,0.3625526190876734,0.5315418051056343,False,0.5038642964629613,0.034067747761460904,0.6639353429824054,0.4306663004019152,0.3273318743470533,10.655492271628605,0.5011276484781745
C:\Git programs\AIMS research\EXCV cursor\data\COVID_19_dataset\test\Viral Pneumonia\Viral Pneumonia-1074.png,Viral Pneumonia,Viral Pneumonia,True,0.6457015872001648,0.04307270013841625,0.04798911212054434,0.03815628815628816,0.592353907468419,0.14685327855452154,0.4532654972018963,False,0.4169771957142929,0.017960333715559443,0.44107003065138706,0.5343683322843252,0.1983766405304553,10.736564092158535,0.19611864182637814,0.4453797192132953,0.04789638141566433,0.5524225666472069,False,0.35824757210417946,0.015430690248558976,0.376992917639171,0.22497247317560806,0.26582623317489334,10.56401008845876,0.04808353505417493
C:\Git programs\AIMS research\EXCV cursor\data\COVID_19_dataset\test\Viral Pneumonia\Viral Pneumonia-1088.png,Viral Pneumonia,Viral Pneumonia,True,0.9999898672103882,0.036019536019536016,-0.009842814425411508,0.07203907203907203,0.6097910760504144,0.3046033385433677,0.6376694557893222,False,0.5265982687199727,0.018967825307984364,0.5742547082092296,0.6769452620826304,0.4218267421406169,10.866967566631196,0.4265151323265976,0.5516501602436921,0.13597655325938182,0.5645441610284182,False,0.43081627838381686,0.015517802457048348,0.7180027313285631,0.20746078299646345,0.2705130335939502,10.499263225535076,0.1714102989902057
C:\Git programs\AIMS research\EXCV cursor\data\COVID_19_dataset\test\Viral Pneumonia\Viral Pneumonia-109.png,Viral Pneumonia,Viral Pneumonia,True,0.9997790455818176,0.003357753357753358,-0.13589727435639765,0.006715506715506716,0.5441119865230483,0.19652824616667902,0.5691083544549919,False,0.44733577479572056,0.0015020431998635307,0.531401911072112,0.5676526290095281,0.46671858051249526,10.960320235406932,0.2757296280106987,0.4656485626749575,0.10176010202257536,0.5793708534704795,False,0.3905987117178995,0.001311534135804913,0.5830088148740684,0.22633239702966085,0.41239552387885686,10.499757223622879,0.12254874423918263
C:\Git programs\AIMS research\EXCV cursor\data\COVID_19_dataset\test\Viral Pneumonia\Viral Pneumonia-1112.png,Viral Pneumonia,Viral Pneumonia,True,0.9999978542327881,0.014652014652014652,-0.010920435828246344,0.029304029304029304,0.562568233879032,0.26828091645067725,0.5815972346018654,False,0.47999073886737564,0.007032831338716127,0.5372850820836433,0.6111699576098273,0.46075033805637433,10.95705491152765,0.37810725877620865,0.48602420779850247,0.25725832682492145,0.5692001801049066,False,0.4423472351983494,0.006481278171404386,0.5720412765525653,0.31019621703729316,0.424164870194351,10.480420629433945,0.343941829442247
C:\Git programs\AIMS research\EXCV cursor\data\COVID_19_dataset\test\Viral Pneumonia\Viral Pneumonia-1123.png,Viral Pneumonia,Viral Pneumonia,True,0.9991430044174194,0.006868131868131868,-0.14302616901823256,0.013736263736263736,0.6237204479004673,0.35549953951841967,0.5261259483908975,False,0.513975825532982,0.003530053746792459,0.5781325918299416,0.7099041970585334,0.4168754451870732,10.935135498166472,0.5018582463116791,0.5037947161678485,0.12575555319423942,0.5845185656829274,False,0.4146001221302894,0.002847528311334405,0.5872368810866504,0.33143925022848547,0.4072919828115902,10.513458208169395,0.15735741580032472
C:\Git programs\AIMS research\EXCV cursor\data\COVID_19_dataset\test\Viral Pneumonia\Viral Pneumonia-1124.png,Viral Pneumonia,Viral Pneumonia,True,0.9740145802497864,0.038003663003663,-0.07188167689804967,0.076007326007326,0.7471880872953139,0.5422944736818558,0.5815983427271693,False,0.6360430798408331,0.02417196686208294,0.7603510596162013,0.6804997502076972,0.19928654793795678,10.416638925970235,0.7486715692212635,0.6802665197140135,0.3138238356915668,0.5208614394512646,False,0.5225121904284549,0.01985737720034879,0.7981605778093535,0.40212603643574674,0.15948705510305988,10.62143282382301,0.4301989205075432
C:\Git programs\AIMS research\EXCV cursor\data\COVID_19_dataset\test\Viral Pneumonia\Viral Pneumonia-1129.png,Viral Pneumonia,Viral Pneumonia,True,0.9999961853027344,0.017094017094017096,-0.1485088160713965,0.03418803418803419,0.5363894014604866,0.3861952751213309,0.5817048152566954,False,0.5049257876976025,0.008631210046112866,0.46966802978819666,0.6714246448989643,0.5319244703057009,10.890395954146397,0.5439803993616577,0.5764427112286465,0.1970227707884985,0.5385112473404307,False,0.45123728993013734,0.007713457947523716,0.7168383250414342,0.28423502078890367,0.27174521214439823,10.60046952273014,0.2625301585783203
C:\Git programs\AIMS research\EXCV cursor\data\COVID_19_dataset\test\Viral Pneumonia\Viral Pneumonia-1134.png,Viral Pneumonia,Viral Pneumonia,True,0.9999899864196777,0.24333964330843394,0.3596951596327409,0.12698412698412698,0.5250295893246706,0.16172648272564805,0.4953463721297056,False,0.4071336921864743,0.0990717674355024,0.4612875293518702,0.6545409157517593,0.5407396771296178,10.984011011044903,0.22692832035907537,0.5781986349241386,0.10299074464556025,0.5764327064017123,False,0.4351064892838372,0.10587865790351388,0.6671259715912635,0.39153756584825095,0.32406763266709865,10.56984483184861,0.12701524382956364
C:\Git programs\AIMS research\EXCV cursor\data\COVID_19_dataset\test\Viral Pneumonia\Viral Pneumonia-1137.png,Viral Pneumonia,Viral Pneumonia,True,0.9995872378349304,0.026862026862026864,-0.10435303685007033,0.05372405372405373,0.6464356167906214,0.34239584430704434,0.5831176103098895,False,0.5362282831013288,0.014404178544846439,0.6788194294101184,0.5718326955329115,0.31134527457116556,10.918739025173885,0.48250506269879084,0.4921965681786648,0.12283822466094307,0.5171168582917648,False,0.3888651521572783,0.010445706162954973,0.6283420488755062,0.21272701500492985,0.36447935934444164,10.462863665557688,0.15123464747449186
C:\Git programs\AIMS research\EXCV cursor\data\COVID_19_dataset\test\Viral Pneumonia\Viral Pneumonia-1170.png,Viral Pneumonia,Viral Pneumonia,True,0.9999438524246216,0.011904761904761904,-0.010236656510310922,0.023809523809523808,0.5597390444442318,0.25835065434549276,0.5491766000267814,False,0.46615379408937496,0.005549449929635416,0.5463187521638839,0.5840841746403563,0.4511857934715446,10.982862127006207,0.36491845420960756,0.47469934996187746,0.13815029808474255,0.5906462452441029,False,0.40851870298340465,0.004863317892659579,0.5826047049981704,0.25448339853344176,0.4129900536459799,10.466111723195137,0.17323455477579652
C:\Git programs\AIMS research\EXCV cursor\data\COVID_19_dataset\test\Viral Pneumonia\Viral Pneumonia-1181.png,Viral Pneumonia,Viral Pneumonia,True,0.9999616146087646,0.12463872431275252,0.19891114825920467,0.05036630036630037,0.6125403702606244,0.2982662154563284,0.6642726826726716,False,0.5337778175429497,0.06652938624499843,0.636288880218984,0.5578308532868905,0.3564986227240013,10.890635410730257,0.4183767104516375,0.5463589858202259,0.23259148654208128,0.5799062795036878,False,0.4622929241418211,0.057619600323848656,0.6819578550179233,0.26554512011524056,0.30842601767248623,10.40162161285235,0.3056584071511576
C:\Git programs\AIMS research\EXCV cursor\data\COVID_19_dataset\test\Viral Pneumonia\Viral Pneumonia-1185.png,Viral Pneumonia,Viral Pneumonia,True,0.9989835619926453,0.30628358676562073,0.37202993299400094,0.24053724053724054,0.6741709830330119,0.254032625761767,0.47763524295147386,False,0.48916875382717706,0.14982436045585676,0.6724261381716715,0.6675424214390301,0.31745561051166576,10.986018636929815,0.3588718209082129,0.5900922294074017,0.1740480374463778,0.5874937550588288,False,0.46449942951452267,0.14226855132229263,0.7518171412121473,0.2523456806370124,0.23388613362695448,10.432790291113694,0.22322937891333217
C:\Git programs\AIMS research\EXCV cursor\data\COVID_19_dataset\test\Viral Pneumonia\Viral Pneumonia-1187.png,Viral Pneumonia,Viral Pneumonia,True,0.9999215602874756,0.021880968377500722,0.04009893309199778,0.003663003663003663,0.5887719207601733,0.2411565239535766,0.6941193097027535,False,0.5160915184009683,0.011292582194027921,0.5992792917546252,0.5624513264365493,0.39541485591065495,10.93124784456362,0.33836084822154083,0.4590086966105935,0.06510902570193909,0.5768333882682559,False,0.3761862028352959,0.008231318408291182,0.56539816778695,0.2427071189740912,0.43107919692926056,10.443715269716668,0.06802439996910709
C:\Git programs\AIMS research\EXCV cursor\data\COVID_19_dataset\test\Viral Pneumonia\Viral Pneumonia-1196.png,Viral Pneumonia,Viral Pneumonia,True,0.9999982118606567,0.0015262515262515263,-0.07140902722420199,0.0030525030525030525,0.5292752673794379,0.28102954619920106,0.7814193652446919,False,0.530444780384943,0.000809592155654675,0.5177790025485137,0.5513302042619982,0.4812834046721982,10.881098271634007,0.39338434767506913,0.5441755336940987,0.12800109332947648,0.5839625752928935,False,0.4312593140643505,0.0006582101863009012,0.6873177112861779,0.24803049579709058,0.3028216060009727,10.513941756295809,0.16058401632791364
C:\Git programs\AIMS research\EXCV cursor\data\COVID_19_dataset\test\Viral Pneumonia\Viral Pneumonia-1197.png,Viral Pneumonia,Viral Pneumonia,True,0.9995571970939636,0.0777172154760035,0.05164932716690323,0.10378510378510379,0.587793189887231,0.37587049470811623,0.5908693066904976,False,0.5251392163744766,0.04081235763387483,0.5545011709118043,0.6510542810704264,0.44217588232053784,10.905193569801723,0.5298025464514292,0.6523334153902413,0.35334941932980374,0.5171256216890895,False,0.5220758784617645,0.04057428354123677,0.7451279389114192,0.4533884337907741,0.24151612653146962,10.593576986431973,0.4855875896747427
C:\Git programs\AIMS research\EXCV cursor\data\COVID_19_dataset\test\Viral Pneumonia\Viral Pneumonia-120.png,Viral Pneumonia,Viral Pneumonia,True,0.9800258874893188,0.10777638710441181,0.12367243232848173,0.09188034188034189,0.7614343842463649,0.20605234956124827,0.8162601342098393,False,0.6112674988298723,0.06588020257823392,0.8527797691380442,0.5396765105818265,0.1081531269807761,10.788188140705316,0.2826836832331945,0.6543008855851492,0.16525532136505455,0.5390963272501669,False,0.4730258488186262,0.050981016992669236,0.9168044863826005,0.08685685814882727,0.04075868777598038,10.666713066392555,0.21970797811445425
C:\Git programs\AIMS research\EXCV cursor\data\COVID_19_dataset\test\Viral Pneumonia\Viral Pneumonia-1200.png,Viral Pneumonia,Viral Pneumonia,True,0.9981768131256104,0.14420719405104487,0.22675382644152808,0.061660561660561664,0.6241970632773893,0.23208509342057287,0.8417713947210395,False,0.5718357717534395,0.08246283210257725,0.7115249118728884,0.43653718593572866,0.2754709079764491,10.89576644465053,0.3240305321110423,0.5828888452319663,0.0935531832001819,0.5657943018152886,False,0.43095978359742765,0.062147501141430556,0.7951118716227137,0.1410392986287653,0.18748463455558034,10.494263168903402,0.11061226434563406
C:\Git programs\AIMS research\EXCV cursor\data\COVID_19_dataset\test\Viral Pneumonia\Viral Pneumonia-1209.png,Viral Pneumonia,Viral Pneumonia,True,0.9999969005584717,0.008394383394383394,-0.1790647931235157,0.016788766788766788,0.5579574865422793,0.3387645787423989,0.6481086903519268,False,0.5192449753452094,0.004358741398654841,0.5384192389089577,0.595008732281189,0.459555511563309,10.93142382734211,0.4778077271024069,0.5859751482807911,0.20920224778160623,0.5366158063523864,False,0.4581354755525142,0.0038457648283559648,0.6906523805907654,0.36658316351827724,0.2993100992666693,10.599047645225912,0.2798744649356858
C:\Git programs\AIMS research\EXCV cursor\data\COVID_19_dataset\test\Viral Pneumonia\Viral Pneumonia-121.png,Viral Pneumonia,Viral Pneumonia,True,0.9994220733642578,0.24397635756633756,0.3234228006027606,0.16452991452991453,0.5167750161559613,0.15899250907220988,0.581058330107166,False,0.42872525821619734,0.10459882689627537,0.514578963465496,0.5198066655274642,0.4840605805250764,10.915026428088598,0.22035682989714084,0.5120905253023809,0.11666298463313579,0.57012885661492,False,0.4108737624953691,0.10024348399319663,0.6701875695061134,0.18634605425177148,0.3202620478507424,10.498904391640544,0.1438056200273504
C:\Git programs\AIMS research\EXCV cursor\data\COVID_19_dataset\test\Viral Pneumonia\Viral Pneumonia-1222.png,Viral Pneumonia,Viral Pneumonia,True,0.9999486207962036,0.03592655148859239,0.04315957428365609,0.028693528693528692,0.5294041551393027,0.26355726854187095,0.4532649074937329,False,0.42680831486640225,0.015333750899807153,0.5478673201752298,0.4899057605559204,0.449560615313242,10.941614845688793,0.3707625303417518,0.5273120410306812,0.1781577480732984,0.5920956182400204,False,0.44200082630626814,0.015879565444292525,0.6641931600477354,0.24485532586017575,0.32711236281586775,10.479751790108766,0.23091515628338577
C:\Git programs\AIMS research\EXCV cursor\data\COVID_19_dataset\test\Viral Pneumonia\Viral Pneumonia-1227.png,Viral Pneumonia,Viral Pneumonia,True,0.9999996423721313,0.004228696257505182,0.001436635494253342,0.007020757020757021,0.5431623100244622,0.36483038540937646,0.6176133504208478,False,0.5119980447588521,0.0021650842157217285,0.4852957042515527,0.6596689376985618,0.5154777118767279,10.995534789498848,0.5175220732472894,0.5842816872353885,0.3245129173071769,0.5436151520178784,False,0.494151095691672,0.0020896148889934583,0.7028926779233586,0.33638064968921294,0.2864282659064058,10.59451013306568,0.4444286469465491
C:\Git programs\AIMS research\EXCV cursor\data\COVID_19_dataset\test\Viral Pneumonia\Viral Pneumonia-1230.png,Viral Pneumonia,Viral Pneumonia,True,0.9990498423576355,0.23413750837450403,0.28054607902007034,0.18772893772893773,0.6095170018536488,0.27330504399731165,0.7195960717157774,False,0.5416771354553862,0.12682693483896285,0.6468298359083319,0.5261877950272863,0.3444666253746719,10.86856664087177,0.3818650769878627,0.6461946190754458,0.272830043840582,0.5283879312459399,False,0.4988432401561349,0.11679791331962176,0.8289758499059507,0.26234198638177547,0.15273397906138883,10.60279522244534,0.3709161363878784
