path,true_class,pred_class,correct,method,noise_spearman,noise_ssim,noise_iou,noise_robustness,brightness_spearman,brightness_ssim,brightness_iou,brightness_robustness,rotation_spearman,rotation_ssim,rotation_iou,rotation_robustness,overall_robustness
C:\Git programs\AIMS research\EXCV cursor\data\COVID_19_dataset\test\COVID\COVID-1010.png,COVID,COVID,True,Grad-CAM,0.8244637539425124,0.5276027921776977,0.27248009322198485,0.5698103671969097,0.9972771644251759,0.9947842146745918,0.8779019776440241,0.9607167234656552,0.9848845684944425,0.9399354872824099,0.421875,0.8024969735824999,0.7776746880816883
C:\Git programs\AIMS research\EXCV cursor\data\COVID_19_dataset\test\COVID\COVID-1010.png,COVID,COVID,True,Integrated Gradients,0.7069906896537373,0.3776780292417826,0.06988896146309602,0.4170663730729586,0.940366797993688,0.9372415993227949,0.6507936507936508,0.8525572942324089,0.7465935927577344,0.45615210211873425,0.11580381471389646,0.47022421215288296,0.5799492931527502
C:\Git programs\AIMS research\EXCV cursor\data\COVID_19_dataset\test\COVID\COVID-1015.png,COVID,COVID,True,Grad-CAM,0.8480456845073798,0.4028483462358299,0.1165644171779141,0.49504210282707517,0.92614222534589,0.7955344941371696,0.0963855421686747,0.6380329010301093,0.7544350931436261,0.18673136312167668,0.0,0.3577934461939534,0.496956150017046
C:\Git programs\AIMS research\EXCV cursor\data\COVID_19_dataset\test\COVID\COVID-1015.png,COVID,COVID,True,Integrated Gradients,0.625740837121769,0.24679016400585485,0.07234042553191489,0.34603551171003855,0.9295294586256819,0.9035600619189944,0.5787951807228916,0.8165183562428385,0.7297996448469987,0.5054416637493049,0.16211422490244767,0.49218662453432527,0.5515801641624009
C:\Git programs\AIMS research\EXCV cursor\data\COVID_19_dataset\test\COVID\COVID-1040.png,COVID,COVID,True,Grad-CAM,0.8242691436385591,0.5976177196696367,0.0,0.5089929733563147,0.9809567959435903,0.9475456503290545,0.23389830508474577,0.7468159050015762,0.9205661192098608,0.8414258447228269,0.04215046922220455,0.6332993418674536,0.6297027400751148
C:\Git programs\AIMS research\EXCV cursor\data\COVID_19_dataset\test\COVID\COVID-1040.png,COVID,COVID,True,Integrated Gradients,0.7124900816448632,0.3898868164545828,0.08963911525029103,0.42885381216940743,0.9563976481662466,0.9599657943243376,0.7018181818181818,0.8810942521092546,0.7073082400057267,0.37924320143327134,0.0874688796680498,0.422936920332687,0.577628328203783
C:\Git programs\AIMS research\EXCV cursor\data\COVID_19_dataset\test\COVID\COVID-1054.png,COVID,COVID,True,Grad-CAM,0.9536102781823361,0.8590453925713551,0.2556535070908394,0.7158537811715929,0.9963923587346883,0.9900131987792283,0.8969310943833236,0.964640231442641,0.9512717424783101,0.8913967690699754,0.5478384124734231,0.8122792514543435,0.8309244213561925
C:\Git programs\AIMS research\EXCV cursor\data\COVID_19_dataset\test\COVID\COVID-1054.png,COVID,COVID,True,Integrated Gradients,0.6739754860659218,0.3766526673474506,0.07780885013982564,0.4059286496725516,0.8889317931937171,0.8555015459912804,0.4543840177580466,0.748538386402285,0.6933644482696033,0.3755556535993576,0.07357037522529904,0.4120835879552383,0.5221835413433583
C:\Git programs\AIMS research\EXCV cursor\data\COVID_19_dataset\test\COVID\COVID-1074.png,COVID,COVID,True,Grad-CAM,0.7995616334563711,0.5793389590472425,0.13278008298755187,0.5334603659929867,0.9881875185495287,0.9682069276394635,0.4887525562372188,0.8323628525828162,0.9326260124375343,0.8518913354149964,0.3805309734513274,0.7427770976349108,0.7028667720702378
C:\Git programs\AIMS research\EXCV cursor\data\COVID_19_dataset\test\COVID\COVID-1074.png,COVID,COVID,True,Integrated Gradients,0.7328839635120145,0.4315412569406321,0.10619618436603073,0.4544748177968046,0.8683719176439633,0.749819355120993,0.37733865881858314,0.6854961712394582,0.7498715730926505,0.46178109858796357,0.1240349974266598,0.47569345804144725,0.53855481569257
C:\Git programs\AIMS research\EXCV cursor\data\COVID_19_dataset\test\COVID\COVID-1098.png,COVID,COVID,True,Grad-CAM,0.7277817882230057,0.24079218413655562,0.0,0.363350370530169,0.9656789265023519,0.9217625785518317,0.740701381509033,0.8850107586192002,0.973756146788906,0.9613853996603855,0.5799373040752351,0.8518992698362485,0.7000867996618726
C:\Git programs\AIMS research\EXCV cursor\data\COVID_19_dataset\test\COVID\COVID-1098.png,COVID,COVID,True,Integrated Gradients,0.7280370931178282,0.2821731968373691,0.06380905991232343,0.395009514272039,0.936407469572497,0.9130553274013079,0.5826086956521739,0.8232621947450434,0.7372957264450031,0.4052989749715677,0.13102019678922838,0.4558140421062401,0.5580285837077742
C:\Git programs\AIMS research\EXCV cursor\data\COVID_19_dataset\test\COVID\COVID-1112.png,COVID,COVID,True,Grad-CAM,0.8505220559364624,0.6099977216120648,0.012048192771084338,0.5268225966895297,0.9929339994543764,0.988811047733389,0.8255781554750626,0.941490360744286,0.9754750689610863,0.9045328162265285,0.5474728389230042,0.8257917241292945,0.7647015605210368
C:\Git programs\AIMS research\EXCV cursor\data\COVID_19_dataset\test\COVID\COVID-1112.png,COVID,COVID,True,Integrated Gradients,0.7791536380750841,0.4596393815595305,0.10358767054067711,0.4806295708600959,0.9539804435662887,0.9209887116973136,0.6086422784188559,0.8404814744613663,0.7606603949160166,0.5031310911247724,0.14545454545454545,0.498839848940202,0.6066502980872214
C:\Git programs\AIMS research\EXCV cursor\data\COVID_19_dataset\test\COVID\COVID-114.png,COVID,COVID,True,Grad-CAM,0.8741981118803721,0.7081649486240967,0.13829047949965254,0.6036158731892736,0.9940234821203997,0.990354766271842,0.6722817764165391,0.8964003556546742,0.9539021472406155,0.9003941769762656,0.2178438661710037,0.717032271840427,0.7390161668947917
C:\Git programs\AIMS research\EXCV cursor\data\COVID_19_dataset\test\COVID\COVID-114.png,COVID,COVID,True,Integrated Gradients,0.7513662189321675,0.3630242211615217,0.09785522788203753,0.4388103222859348,0.821876687574516,0.7602446351825489,0.4302554027504912,0.6859006864097185,0.7472775860085568,0.43617659246151935,0.1386861313868613,0.4713698515579369,0.5320269534178634
C:\Git programs\AIMS research\EXCV cursor\data\COVID_19_dataset\test\COVID\COVID-1146.png,COVID,COVID,True,Grad-CAM,0.8668026102004596,0.709701235297065,0.06036575497653342,0.5777411411622634,0.989621110271051,0.9753153339568612,0.5434628975265018,0.8514819135534293,0.9825542879562963,0.9655487084258095,0.5588865096359743,0.8503522806010537,0.7598584451055821
C:\Git programs\AIMS research\EXCV cursor\data\COVID_19_dataset\test\COVID\COVID-1146.png,COVID,COVID,True,Integrated Gradients,0.7022809342837648,0.3183876251289289,0.05371502090704407,0.39254316752429774,0.8266371684564803,0.8207676863450226,0.4847042828008158,0.7222964581263436,0.7579738608014369,0.45874281611379303,0.099882491186839,0.47077713651076436,0.5285389207204686
C:\Git programs\AIMS research\EXCV cursor\data\COVID_19_dataset\test\COVID\COVID-1206.png,COVID,Normal,False,Grad-CAM,0.8070253153431166,0.12180246182968896,0.34048202614379086,0.4614954725292907,0.9842494008718992,0.941694715269871,0.5201856148491879,0.8322638593844774,0.8953981170857603,0.7891999444100392,0.18139199423007574,0.6493368284263386,0.6476987201133689
C:\Git programs\AIMS research\EXCV cursor\data\COVID_19_dataset\test\COVID\COVID-1206.png,COVID,Normal,False,Integrated Gradients,0.7158414915685943,0.39091831714323766,0.08782998505728043,0.4299610872875932,0.9459254701726982,0.9364155375123514,0.613395715341049,0.8433135639250994,0.7340284121712293,0.4558313645430528,0.11847046773642882,0.46590191455233615,0.5797255219216763
C:\Git programs\AIMS research\EXCV cursor\data\COVID_19_dataset\test\COVID\COVID-122.png,COVID,COVID,True,Grad-CAM,0.8772690674681616,0.7483497447668156,0.33905579399141633,0.6771292886147342,0.9938185734369145,0.9808995720719224,0.4396835860250494,0.8237023768038574,0.9297981266081581,0.8633805628435086,0.4482758620689655,0.7654161781170055,0.7554159478451989
C:\Git programs\AIMS research\EXCV cursor\data\COVID_19_dataset\test\COVID\COVID-122.png,COVID,COVID,True,Integrated Gradients,0.6814922687426787,0.35865439002971977,0.08837209302325581,0.40670485241296417,0.8616340669901648,0.6920427405680827,0.3618790272292663,0.6608301571352706,0.7394677185056362,0.4481092646802952,0.12577319587628866,0.46795182556922965,0.5118289450391548
C:\Git programs\AIMS research\EXCV cursor\data\COVID_19_dataset\test\COVID\COVID-1258.png,COVID,COVID,True,Grad-CAM,0.9117667382105341,0.7910145610534534,0.08278255122273628,0.6268458289670705,0.9918401738908874,0.9795572165802275,0.7340566287377613,0.9108202231517516,0.897730368549175,0.8312743516104985,0.29792284866468843,0.6978513075022261,0.7451724532070161
C:\Git programs\AIMS research\EXCV cursor\data\COVID_19_dataset\test\COVID\COVID-1258.png,COVID,COVID,True,Integrated Gradients,0.7303012526428719,0.41555506801177866,0.1357254290171607,0.4575046501658306,0.9496041065319216,0.8646815974871969,0.6367724206844866,0.8302778480642736,0.7101652327146211,0.637312888158252,0.1537242472266244,0.5213772337013114,0.6030532439771386
C:\Git programs\AIMS research\EXCV cursor\data\COVID_19_dataset\test\COVID\COVID-1284.png,COVID,COVID,True,Grad-CAM,0.8482501128908482,0.644238750237642,0.0,0.5325716702276319,0.9871839377418785,0.9723296643917101,0.7379310344827587,0.9079517847590921,0.9449770527236276,0.864100599326112,0.15780173175472698,0.6845615204137028,0.708361658466809
C:\Git programs\AIMS research\EXCV cursor\data\COVID_19_dataset\test\COVID\COVID-1284.png,COVID,COVID,True,Integrated Gradients,0.6947701860309033,0.3069863678395978,0.0567741935483871,0.38703624282875687,0.9083861303506409,0.8519518002477425,0.5373064289066166,0.780131920886564,0.7162675906230714,0.382079716283398,0.08620689655172414,0.4269930200997652,0.5313870612716953
C:\Git programs\AIMS research\EXCV cursor\data\COVID_19_dataset\test\COVID\COVID-1318.png,COVID,COVID,True,Grad-CAM,0.6347312342182492,0.27499965323174524,0.0,0.3363923896568232,0.9959465661852657,0.991157011938,0.7518716577540107,0.9212872273817094,0.9103946861496748,0.7869257052355073,0.16521429841721502,0.6497998755556866,0.6358264975314064
C:\Git programs\AIMS research\EXCV cursor\data\COVID_19_dataset\test\COVID\COVID-1318.png,COVID,COVID,True,Integrated Gradients,0.6875937889476108,0.49910866005773985,0.10600945307224847,0.45657294951804084,0.8338444512360857,0.8730524847975581,0.46774193548387094,0.735776106578863,0.7285009417020869,0.5445011949582772,0.1043317040283162,0.4860502463768128,0.5594664341579055
C:\Git programs\AIMS research\EXCV cursor\data\COVID_19_dataset\test\COVID\COVID-1322.png,COVID,COVID,True,Grad-CAM,0.6722440128206253,0.34768063246232994,0.0,0.3732017948669491,0.9813197334961501,0.9546699501668835,0.4463576158940397,0.812836163216737,0.8552202564475364,0.705144479863788,0.2869770182675309,0.6397245520184103,0.6085875033673654
C:\Git programs\AIMS research\EXCV cursor\data\COVID_19_dataset\test\COVID\COVID-1322.png,COVID,COVID,True,Integrated Gradients,0.5844306611222672,0.2001719537699148,0.044976076555023926,0.3073166735463885,0.9580271505856088,0.9625048726285812,0.716081718177056,0.8867868374759347,0.6304353260127663,0.2894600761872826,0.07851851851851852,0.36256770881684686,0.5188904066130567
C:\Git programs\AIMS research\EXCV cursor\data\COVID_19_dataset\test\COVID\COVID-1328.png,COVID,COVID,True,Grad-CAM,0.8336763077491982,0.6021898010431739,0.2235294117647059,0.5811862869420431,0.9990467881936276,0.9978028032639201,0.7775366250678242,0.9322205437769744,0.9638261075532333,0.9217918963223118,0.39167374681393374,0.7795701359621671,0.7643256555603948
C:\Git programs\AIMS research\EXCV cursor\data\COVID_19_dataset\test\COVID\COVID-1328.png,COVID,COVID,True,Integrated Gradients,0.7327224662447018,0.3904868096765253,0.11409624213569121,0.4444639020415457,0.9052353557033049,0.8273404489296095,0.44063324538258575,0.7424862505749805,0.7066726630075773,0.47589589195276577,0.13848827106863598,0.46698431410945146,0.5513114889086592
C:\Git programs\AIMS research\EXCV cursor\data\COVID_19_dataset\test\COVID\COVID-133.png,COVID,COVID,True,Grad-CAM,0.7794234518433427,0.5317587093444898,0.5030970406056435,0.6222261057223771,0.9954347425875401,0.9876738458665313,0.7612903225806451,0.922863147569169,0.9705350692477548,0.9479497799758932,0.7641357027463651,0.9018396725157795,0.8156429752691086
C:\Git programs\AIMS research\EXCV cursor\data\COVID_19_dataset\test\COVID\COVID-133.png,COVID,COVID,True,Integrated Gradients,0.7413064879221581,0.335883030095359,0.08422968724143637,0.4225564103699019,0.9627642780985601,0.9734763440744821,0.745338305807139,0.9007501062039104,0.7934584285472605,0.5534184818939475,0.15352112676056337,0.5294652540152575,0.6175905901963565
C:\Git programs\AIMS research\EXCV cursor\data\COVID_19_dataset\test\COVID\COVID-1339.png,COVID,COVID,True,Grad-CAM,0.6472328683795647,0.30104137692148464,0.010004617515776512,0.35220694568300426,0.9929551077464225,0.9759792272447255,0.4703114496975129,0.8310692461812406,0.9719830507658351,0.9365683555162158,0.6520100502512562,0.8653667420365756,0.6828809779669401
C:\Git programs\AIMS research\EXCV cursor\data\COVID_19_dataset\test\COVID\COVID-1339.png,COVID,COVID,True,Integrated Gradients,0.6739206638709102,0.2696070333712229,0.044976076555023926,0.36394319852623813,0.956401528457506,0.9479119364552795,0.649546827794562,0.8617982406579549,0.693642612791131,0.3158462038167413,0.06242905788876277,0.39093962362810364,0.5388936876040988
C:\Git programs\AIMS research\EXCV cursor\data\COVID_19_dataset\test\COVID\COVID-1340.png,COVID,COVID,True,Grad-CAM,0.8048437044862518,0.5377828459799108,0.0552423900789177,0.49984505261214923,0.9979411113984572,0.9948876958232235,0.8687963491158015,0.9582816580410902,0.9770636768323882,0.9526112094193091,0.5184241019698725,0.8321360641497096,0.7634209249343163
C:\Git programs\AIMS research\EXCV cursor\data\COVID_19_dataset\test\COVID\COVID-1340.png,COVID,COVID,True,Integrated Gradients,0.7345325951060706,0.43978658236287893,0.13317191283292978,0.46570058660117086,0.8658384676693693,0.6597026105176858,0.3509278350515464,0.6495245207385174,0.7443705312502537,0.5119430125042156,0.15780173175472698,0.49867163577778423,0.5379655810391576
C:\Git programs\AIMS research\EXCV cursor\data\COVID_19_dataset\test\COVID\COVID-1393.png,COVID,COVID,True,Grad-CAM,0.8843371734222545,0.7650938376551111,0.10265903736115786,0.6140607318737825,0.9934430156294753,0.9878339739657834,0.8034682080924855,0.9347678608692709,0.9580270980992508,0.902597441361481,0.4567435669920142,0.7910131417457489,0.7799472448296006
C:\Git programs\AIMS research\EXCV cursor\data\COVID_19_dataset\test\COVID\COVID-1393.png,COVID,COVID,True,Integrated Gradients,0.7064652678096178,0.38901519585292066,0.08065314200890648,0.4234866084823953,0.948510383134661,0.9457826813774206,0.6825885978428351,0.8679155370199411,0.7060366651087329,0.45374699422373155,0.1201914857240554,0.45459621002782924,0.5819994518433885
C:\Git programs\AIMS research\EXCV cursor\data\COVID_19_dataset\test\COVID\COVID-1459.png,COVID,COVID,True,Grad-CAM,0.8891793028900377,0.7622134237662007,0.19387755102040816,0.6424990135919978,0.9897590798684521,0.9792394706185469,0.7693761814744802,0.9204883275752889,0.9292705644388628,0.8614592183023809,0.14465408805031446,0.6735422176813538,0.7455098529495467
C:\Git programs\AIMS research\EXCV cursor\data\COVID_19_dataset\test\COVID\COVID-1459.png,COVID,COVID,True,Integrated Gradients,0.7284727942129052,0.39650889884753193,0.092,0.43794178733942174,0.9532063239850237,0.9629076924861667,0.7178814892501311,0.8855192841148988,0.738353392686308,0.4377724810434673,0.11904355251921435,0.4623861671433277,0.5952824128658828
C:\Git programs\AIMS research\EXCV cursor\data\COVID_19_dataset\test\COVID\COVID-1469.png,COVID,COVID,True,Grad-CAM,0.9027987593156013,0.6980606512784947,0.7245461720599842,0.7879015507277841,0.9575304619316739,0.9950949236037546,0.9939135727328059,0.9797147336736378,0.9198155529578378,0.8566613233111104,0.5478384124734231,0.7892761419184953,0.8522974754399724
C:\Git programs\AIMS research\EXCV cursor\data\COVID_19_dataset\test\COVID\COVID-1469.png,COVID,COVID,True,Integrated Gradients,0.7369436380380843,0.3532345984141469,0.11013215859030837,0.4337874823165703,0.9286134631226428,0.9476451359658549,0.6027397260273972,0.8365608438470327,0.6436342794688811,0.3951638773167604,0.07497949138638228,0.39849672239849526,0.5562816828540328
C:\Git programs\AIMS research\EXCV cursor\data\COVID_19_dataset\test\COVID\COVID-1483.png,COVID,COVID,True,Grad-CAM,0.9217194326994619,0.8445272995572747,0.3188405797101449,0.7176981368600107,0.9729018707734376,0.9293739654898843,0.7278481012658228,0.8863273683360873,0.943288662375966,0.8947428400755,0.4469964664310954,0.779837256902365,0.7946209206994878
C:\Git programs\AIMS research\EXCV cursor\data\COVID_19_dataset\test\COVID\COVID-1483.png,COVID,COVID,True,Integrated Gradients,0.6791980330772143,0.24449487261724476,0.055412371134020616,0.3616513863562653,0.8470052532710126,0.5659017688939519,0.480009035464197,0.6525753426158497,0.7174001193315651,0.30308029658293306,0.07568543753078312,0.4005897679667409,0.4716054989796186
C:\Git programs\AIMS research\EXCV cursor\data\COVID_19_dataset\test\COVID\COVID-1520.png,COVID,COVID,True,Grad-CAM,0.8204957645019528,0.5937230254273124,0.041402284263959394,0.5187358987081626,0.9133217739819357,0.8286461109664318,0.29079826976012585,0.7011620238107417,0.9149928822732749,0.8315608929855852,0.3422612962584339,0.7181438096825157,0.6460139107338067
C:\Git programs\AIMS research\EXCV cursor\data\COVID_19_dataset\test\COVID\COVID-1520.png,COVID,COVID,True,Integrated Gradients,0.7298781955179451,0.41738923192901983,0.09345794392523364,0.4452054309634541,0.9271520856574798,0.9184916572593088,0.6286353467561522,0.8349989354676303,0.6876388068325805,0.3931481905611476,0.1034018187942068,0.42402052553963854,0.568074963990241
C:\Git programs\AIMS research\EXCV cursor\data\COVID_19_dataset\test\COVID\COVID-1572.png,COVID,COVID,True,Grad-CAM,0.7447873973945305,0.4921426894334394,0.024070021881838075,0.45277877235239544,0.9799742338157686,0.9507318177135946,0.6062760480509929,0.8590920532556837,0.8945948924803185,0.7991713072029442,0.09969788519637462,0.6274987147119231,0.6464565134400008
C:\Git programs\AIMS research\EXCV cursor\data\COVID_19_dataset\test\COVID\COVID-1572.png,COVID,COVID,True,Integrated Gradients,0.6820299186764264,0.3457022646263461,0.06919060052219321,0.39727982701513237,0.9575833774788891,0.8889067982160359,0.7053617907339927,0.8613139276765642,0.6846311770166938,0.336598694980834,0.07041333115504003,0.39595607864743976,0.5515166111130454
C:\Git programs\AIMS research\EXCV cursor\data\COVID_19_dataset\test\COVID\COVID-1597.png,COVID,COVID,True,Grad-CAM,0.8724165077847168,0.6789986700211402,0.17714696370822852,0.6058102932326974,0.9917369539740095,0.9885072746943104,0.4352683461117196,0.8238274678314128,0.9897470711692195,0.9737963862894268,0.46021840873634945,0.8261032669754207,0.751913676013177
C:\Git programs\AIMS research\EXCV cursor\data\COVID_19_dataset\test\COVID\COVID-1597.png,COVID,COVID,True,Integrated Gradients,0.6496784245833771,0.2752789783296972,0.06901615271659324,0.36315990914723795,0.8787640684750283,0.7464129531680507,0.35596026490066224,0.6822175928106252,0.7581953686805722,0.4397288633106817,0.12732278045423262,0.4733936406017032,0.5062570475198555
C:\Git programs\AIMS research\EXCV cursor\data\COVID_19_dataset\test\COVID\COVID-1621.png,COVID,COVID,True,Grad-CAM,0.6531557920132403,0.29499132785339915,0.0,0.3497597151613159,0.9915169920400455,0.9726983528216727,0.8306789606035205,0.9376199908435763,0.9855979751088011,0.9739969337863328,0.581081081081081,0.8607625945037446,0.7160474335028789
C:\Git programs\AIMS research\EXCV cursor\data\COVID_19_dataset\test\COVID\COVID-1621.png,COVID,COVID,True,Integrated Gradients,0.7575653558724569,0.3693334277209996,0.09109075770191508,0.4411533979758572,0.8361573254103873,0.7188114665162121,0.35567970204841715,0.6568102807335436,0.7891577651823116,0.43426220863411696,0.1075050709939148,0.4781932899613342,0.5253856562235782
C:\Git programs\AIMS research\EXCV cursor\data\COVID_19_dataset\test\COVID\COVID-1645.png,COVID,COVID,True,Grad-CAM,0.8568024348526642,0.6404072656564442,0.1500789889415482,0.5798668503204634,0.9926662746052062,0.9772866786782857,0.6335078534031413,0.8803048694665105,0.9441000176461447,0.8892954740852864,0.572354211663067,0.816134912782964,0.7587688775233126
C:\Git programs\AIMS research\EXCV cursor\data\COVID_19_dataset\test\COVID\COVID-1645.png,COVID,COVID,True,Integrated Gradients,0.6716640003640841,0.32180975775725756,0.07076319660075175,0.3864374864530365,0.8868147346944808,0.7445677586334406,0.4425363276089828,0.7108571197505194,0.7585991624949072,0.46053995305496315,0.125,0.47910165091445184,0.5254654190393359
C:\Git programs\AIMS research\EXCV cursor\data\COVID_19_dataset\test\COVID\COVID-1663.png,COVID,COVID,True,Grad-CAM,0.9306565676834422,0.8363711887645942,0.40561990561990563,0.7448599553887268,0.9603965892085702,0.9094088584789245,0.07957166392092258,0.6808527924033823,0.9433051980085365,0.874390147003001,0.3163921253515468,0.734556760909779,0.7200898362339627
C:\Git programs\AIMS research\EXCV cursor\data\COVID_19_dataset\test\COVID\COVID-1663.png,COVID,COVID,True,Integrated Gradients,0.633131338172677,0.09208721937842493,0.043478260869565216,0.29392217934346787,0.8993921927570796,0.8341125462919105,0.4918032786885246,0.7575316245969623,0.7908872517510533,0.5628473560167737,0.08819133034379671,0.5116665066085925,0.5210401035163409
C:\Git programs\AIMS research\EXCV cursor\data\COVID_19_dataset\test\COVID\COVID-1687.png,COVID,Normal,False,Grad-CAM,0.0,0.0,0.0,0.0,0.8109517468939644,0.5940203664895475,0.14066852367688024,0.5447873658075141,0.5647826555043568,0.21582201038293564,0.08351248553001488,0.3157134109756279,0.2868335922610473
C:\Git programs\AIMS research\EXCV cursor\data\COVID_19_dataset\test\COVID\COVID-1687.png,COVID,Normal,False,Integrated Gradients,0.7628998094523286,0.42435118891344437,0.098960080509896,0.4621533046079336,0.9294668236729305,0.8940221232595931,0.6286353467561522,0.8285839704738958,0.767392969178202,0.4276171792487691,0.10062153536032252,0.46542880205400833,0.5853886923786126
C:\Git programs\AIMS research\EXCV cursor\data\COVID_19_dataset\test\Normal\Normal-1002.png,Normal,Normal,True,Grad-CAM,0.4362376111208653,0.0,0.0,0.17449504444834613,0.9861130175991264,0.961902375699241,0.5988286969253295,0.8626645288270217,0.960415212609364,0.9243211494588938,0.5340669632404589,0.8216825188535515,0.6196140307096397
C:\Git programs\AIMS research\EXCV cursor\data\COVID_19_dataset\test\Normal\Normal-1002.png,Normal,Normal,True,Integrated Gradients,0.7218816047992094,0.3597791266862689,0.058994666235655406,0.41438477979626104,0.9557827481418943,0.950213616668166,0.6722817764165391,0.8690617171821693,0.6958150755140081,0.4656420983596636,0.1496753816459028,0.46292127420727314,0.5821225903952345
C:\Git programs\AIMS research\EXCV cursor\data\COVID_19_dataset\test\Normal\Normal-10163.png,Normal,Normal,True,Grad-CAM,0.7891740146634061,0.38138540805489357,0.4592427616926503,0.5678580567896256,0.9783831524931503,0.9889388736593763,0.954965702356099,0.9745246338019028,0.9142207649537253,0.9199289098080853,0.5937728046703965,0.8197988203250347,0.7873938369721877
C:\Git programs\AIMS research\EXCV cursor\data\COVID_19_dataset\test\Normal\Normal-10163.png,Normal,Normal,True,Integrated Gradients,0.7703445144840286,0.46135087296864563,0.13356401384083044,0.4866122718364543,0.9160536233514166,0.8700784039533686,0.5301261092947221,0.7864828033149939,0.6942678366586839,0.4952011965752983,0.19279082468596395,0.48410474104185225,0.5857332720644335
C:\Git programs\AIMS research\EXCV cursor\data\COVID_19_dataset\test\Normal\Normal-10173.png,Normal,Normal,True,Grad-CAM,0.7503545692798999,0.08420045872967663,0.0,0.32540196533086296,0.959504906973909,0.9158252227369132,0.8499294781382228,0.9135283730521044,0.8296248074162371,0.7512380649631147,0.706694451680125,0.7692296779594668,0.6693866721141447
C:\Git programs\AIMS research\EXCV cursor\data\COVID_19_dataset\test\Normal\Normal-10173.png,Normal,Normal,True,Integrated Gradients,0.7810141042833076,0.3715277408055357,0.11980857972996069,0.45980653787397197,0.9413574450203037,0.901550722633837,0.5423728813559322,0.8097200592050523,0.7452289454978883,0.5092271568183697,0.14425427872860636,0.49413600886324816,0.5878875353140908
C:\Git programs\AIMS research\EXCV cursor\data\COVID_19_dataset\test\Normal\Normal-1076.png,Normal,Normal,True,Grad-CAM,0.394220146757948,0.0,0.0,0.1576880587031792,0.9812163462697452,0.966022067796763,0.6642113284226568,0.8815565573737241,0.9305639061384019,0.846941399524563,0.1677062912136874,0.6766198696768359,0.5719548285845798
C:\Git programs\AIMS research\EXCV cursor\data\COVID_19_dataset\test\Normal\Normal-1076.png,Normal,Normal,True,Integrated Gradients,0.6677700085107389,0.31717865084689045,0.07940691927512356,0.3860836744408998,0.9545040039431552,0.947396688197022,0.6843187660668381,0.8713162378564201,0.7357685964820917,0.5220479170884252,0.19802523313219966,0.5103293836590241,0.5892430986521147
C:\Git programs\AIMS research\EXCV cursor\data\COVID_19_dataset\test\Normal\Normal-1129.png,Normal,Normal,True,Grad-CAM,0.5758841065122695,0.07615499457239676,0.12829343895298778,0.29168817266252317,0.990379927517844,0.9780277806741581,0.603131881575728,0.8704998696821035,0.9316078156654951,0.8609732347326099,0.12829343895298778,0.6694231283718773,0.6105370569055014
C:\Git programs\AIMS research\EXCV cursor\data\COVID_19_dataset\test\Normal\Normal-1129.png,Normal,Normal,True,Integrated Gradients,0.6839399299977522,0.2892859998631029,0.06450040617384241,0.3797118938101845,0.9551572352146436,0.8925804881537504,0.6675998981929244,0.8501170099898598,0.7568154863440562,0.47649891747071305,0.15352112676056337,0.49173220780700544,0.5738537038690166
C:\Git programs\AIMS research\EXCV cursor\data\COVID_19_dataset\test\Normal\Normal-1139.png,Normal,COVID,False,Grad-CAM,0.8633819356857975,0.6321871480798534,0.11713554987212277,0.5701495836599119,0.875116095829785,0.7751315791224049,0.4203338391502276,0.7086860638137037,0.9017673149222946,0.673412636684878,0.44891640866873067,0.6974056395750005,0.6587470956828719
C:\Git programs\AIMS research\EXCV cursor\data\COVID_19_dataset\test\Normal\Normal-1139.png,Normal,COVID,False,Integrated Gradients,0.7703748381848062,0.39253407895710635,0.11145038167938931,0.45934527346487125,0.8680820739649998,0.4648636125394362,0.18631178707224336,0.5425854494695038,0.7556523340398131,0.496025944467897,0.128099173553719,0.48949846902241007,0.497143063985595
C:\Git programs\AIMS research\EXCV cursor\data\COVID_19_dataset\test\Normal\Normal-1182.png,Normal,Normal,True,Grad-CAM,0.4957112922959353,0.0,0.0,0.19828451691837412,0.9367423160719728,0.8339899397698407,0.020878778435649736,0.6311575418904363,0.9861207271656374,0.9630529203525551,0.5652173913043478,0.8529293843633259,0.5607904810573787
C:\Git programs\AIMS research\EXCV cursor\data\COVID_19_dataset\test\Normal\Normal-1182.png,Normal,Normal,True,Integrated Gradients,0.7436636692000393,0.47394459433847264,0.15494447382337387,0.4861321881285697,0.9467356914999324,0.824315857707391,0.475011256190905,0.7684924107694617,0.7559308695097136,0.5510115046605559,0.2140077821011673,0.5318781338324023,0.5955009109101446
C:\Git programs\AIMS research\EXCV cursor\data\COVID_19_dataset\test\Normal\Normal-1282.png,Normal,Normal,True,Grad-CAM,0.521773524139599,0.010792031755629056,0.014712714883072634,0.21636083364745012,0.9869703030818647,0.977301275352418,0.7546866630958757,0.914384502767234,0.9430794432988071,0.8872142078703427,0.6843187660668381,0.8486916695006771,0.6598123353051205
C:\Git programs\AIMS research\EXCV cursor\data\COVID_19_dataset\test\Normal\Normal-1282.png,Normal,Normal,True,Integrated Gradients,0.6868997992064144,0.36035451536129587,0.08315424037030915,0.4078125464020473,0.9625332389633442,0.961396477124627,0.6934608425949857,0.8814704915012216,0.7533395528839737,0.4997235319531775,0.14405447878470404,0.49446922437495394,0.5945840874260743
C:\Git programs\AIMS research\EXCV cursor\data\COVID_19_dataset\test\Normal\Normal-1344.png,Normal,Normal,True,Grad-CAM,0.6081667032891857,0.0869319808255196,0.0,0.26934627556333013,0.9942462475861783,0.986969638940605,0.8779019776440241,0.95715998400986,0.9606938320276699,0.9406673021967663,0.7102584181675803,0.879555248920372,0.7020205028311874
C:\Git programs\AIMS research\EXCV cursor\data\COVID_19_dataset\test\Normal\Normal-1344.png,Normal,Normal,True,Integrated Gradients,0.7609892296906506,0.5152896198308139,0.12926577042399173,0.49776230895270196,0.9500787369164174,0.9378682709756639,0.6688741721854304,0.8620542277148953,0.7412140985292823,0.588099024069811,0.225130890052356,0.540454613648363,0.6334237167719867
C:\Git programs\AIMS research\EXCV cursor\data\COVID_19_dataset\test\Normal\Normal-1432.png,Normal,Normal,True,Grad-CAM,0.6938092979304893,0.03460975899669129,0.7460698108180123,0.5117275901166067,0.9574920190323618,0.9115357510216606,0.7107459572248305,0.869681320086892,0.9376354096692744,0.9239661745512606,0.7598710717163578,0.8802053377479954,0.7538714159838314
C:\Git programs\AIMS research\EXCV cursor\data\COVID_19_dataset\test\Normal\Normal-1432.png,Normal,Normal,True,Integrated Gradients,0.719615161868148,0.3641576851851772,0.07763157894736843,0.4203828439870229,0.9203680699015,0.8532004218627746,0.53514526710403,0.7846509346506414,0.7160386107830309,0.3983453559772108,0.11637416936445732,0.4408313019157128,0.5486216935177924
C:\Git programs\AIMS research\EXCV cursor\data\COVID_19_dataset\test\Normal\Normal-1454.png,Normal,Normal,True,Grad-CAM,0.6883059154890852,0.06919205326436904,0.0,0.29607998217494474,0.957823739343149,0.9799512036232736,0.984251968503937,0.9723904473754228,0.8575617809069372,0.8616621784436733,0.7765726681127982,0.8344951663297164,0.7009885319600281
C:\Git programs\AIMS research\EXCV cursor\data\COVID_19_dataset\test\Normal\Normal-1454.png,Normal,Normal,True,Integrated Gradients,0.7925219212465183,0.4069784007834482,0.09181803032827862,0.4666476978321254,0.9535513856409799,0.9361814736282117,0.6412825651302605,0.8546597658839337,0.7445585344323752,0.3481468817768452,0.08494783904619971,0.42775183001986355,0.5830197645786409
C:\Git programs\AIMS research\EXCV cursor\data\COVID_19_dataset\test\Normal\Normal-1525.png,Normal,Normal,True,Grad-CAM,0.8201186656762434,0.5201628776411144,0.8034682080924855,0.7251367919905773,0.9917630955766117,0.9945369912923361,0.9752788664455834,0.9876499955520206,0.9549683144136325,0.8444984262007349,0.44987829165744636,0.7703003411229075,0.8276957095551684
C:\Git programs\AIMS research\EXCV cursor\data\COVID_19_dataset\test\Normal\Normal-1525.png,Normal,Normal,True,Integrated Gradients,0.7745162426432624,0.48719302827049493,0.12191780821917808,0.49253974800420686,0.9496431395408741,0.9493289856108355,0.680861980502822,0.8689145456504468,0.7098862041285956,0.4086314016448217,0.11732605729877217,0.44174171933451645,0.6010653376630567
C:\Git programs\AIMS research\EXCV cursor\data\COVID_19_dataset\test\Normal\Normal-1588.png,Normal,Normal,True,Grad-CAM,0.7446208956281777,0.15837574948374822,0.3088294047143428,0.43800990451069843,0.8931480366088584,0.8105977692846711,0.9878640776699029,0.8967977687299156,0.9279293800091227,0.8111808441390774,0.23576009053187477,0.6852540324049347,0.6733539018818496
C:\Git programs\AIMS research\EXCV cursor\data\COVID_19_dataset\test\Normal\Normal-1588.png,Normal,Normal,True,Integrated Gradients,0.7534701656833382,0.28761879814129027,0.08801062769843905,0.4140768940252541,0.939713976062166,0.8472076716821556,0.46938775510204084,0.7708642184601254,0.7371024202548152,0.5459176053203088,0.21109057301293901,0.5219434216019004,0.5689615113624266
C:\Git programs\AIMS research\EXCV cursor\data\COVID_19_dataset\test\Normal\Normal-1728.png,Normal,Normal,True,Grad-CAM,0.6491746934909245,0.030275250617683987,0.04998779296875,0.2837487904723,0.9059074187000431,0.9004824365529981,0.9693417493237151,0.9233102232430312,0.9209363794814572,0.8944928836851388,0.4657718120805369,0.7764539605222857,0.661170991412539
C:\Git programs\AIMS research\EXCV cursor\data\COVID_19_dataset\test\Normal\Normal-1728.png,Normal,Normal,True,Integrated Gradients,0.7600024107781413,0.36184050670598966,0.08136656213896683,0.4369630849647435,0.9294610624712512,0.8884358408896252,0.5358649789029536,0.7990746709262742,0.7655410017920792,0.4327078764663249,0.1248068669527897,0.47347082374256605,0.5698361932111945
C:\Git programs\AIMS research\EXCV cursor\data\COVID_19_dataset\test\Normal\Normal-1774.png,Normal,Normal,True,Grad-CAM,0.474206962592128,0.0,0.0,0.1896827850368512,0.9743929828211291,0.9646122523490097,0.937888198757764,0.9605073284604838,0.9773959570341182,0.9548027563139087,0.8805970149253731,0.9415783141854318,0.6972561425609222
C:\Git programs\AIMS research\EXCV cursor\data\COVID_19_dataset\test\Normal\Normal-1774.png,Normal,Normal,True,Integrated Gradients,0.7270288928189618,0.38352871359356544,0.07834101382488479,0.4293724753531198,0.8886213500467748,0.7713765273440728,0.41389728096676737,0.711030682511962,0.7369787845487198,0.41329379254655,0.11466485199047295,0.45317910718059484,0.5311940883485589
C:\Git programs\AIMS research\EXCV cursor\data\COVID_19_dataset\test\Normal\Normal-1823.png,Normal,Normal,True,Grad-CAM,0.7809335533236863,0.5432254295823172,0.5923860329776915,0.6530568600974772,0.8984150308083253,0.9638880347823034,0.8800342759211653,0.9125427055343707,0.9200808263595603,0.9057343035649406,0.3921984312062752,0.7574121509751888,0.7743372388690122
C:\Git programs\AIMS research\EXCV cursor\data\COVID_19_dataset\test\Normal\Normal-1823.png,Normal,Normal,True,Integrated Gradients,0.6796138909689835,0.27324620912013087,0.07940691927512356,0.3776414949061697,0.8477633095373447,0.8992465691664929,0.5984386435716028,0.7884108876363666,0.7198791506347673,0.47364162343796623,0.12249443207126949,0.4667924769066776,0.5442816198164047
C:\Git programs\AIMS research\EXCV cursor\data\COVID_19_dataset\test\Normal\Normal-1844.png,Normal,Normal,True,Grad-CAM,0.632343496606459,0.0332417567912518,0.04983175773113283,0.27785945299929904,0.9966031471256535,0.9886906531809309,0.6062760480509929,0.8771312692198385,0.9787341935287894,0.9575390656720516,0.47934070896364867,0.8225576098022258,0.6591827773404545
C:\Git programs\AIMS research\EXCV cursor\data\COVID_19_dataset\test\Normal\Normal-1844.png,Normal,Normal,True,Integrated Gradients,0.7289734382871427,0.43671356384882687,0.08656716417910448,0.4485735937232365,0.9524833082552562,0.9626454393904166,0.6692993630573248,0.8705767640364249,0.7207846435283469,0.45538256417346107,0.16729021913415287,0.47511569240362295,0.5980886833877616
C:\Git programs\AIMS research\EXCV cursor\data\COVID_19_dataset\test\Normal\Normal-1845.png,Normal,Normal,True,Grad-CAM,0.7456540178225622,0.3079772930351283,0.003061849357011635,0.39157334984666686,0.98903934719238,0.984306919512153,0.955820895522388,0.9776540833873142,0.9844564986727729,0.9579015166048037,0.4454003970880212,0.8147731735769566,0.7280002022703126
C:\Git programs\AIMS research\EXCV cursor\data\COVID_19_dataset\test\Normal\Normal-1845.png,Normal,Normal,True,Integrated Gradients,0.7492946042055975,0.3958876797409868,0.14007308160779536,0.4605060700868736,0.8526084993001211,0.7732057409405889,0.3967171178853123,0.6920202573678188,0.7229315948916702,0.4604712207789166,0.14086714260839284,0.4695741469728609,0.5407001581425178
C:\Git programs\AIMS research\EXCV cursor\data\COVID_19_dataset\test\Normal\Normal-199.png,Normal,Normal,True,Grad-CAM,0.7033364047208519,0.028981165898863417,0.32365981459089077,0.38712685603526703,0.9320819448681619,0.8781295590804308,0.7283038776048536,0.8547628089528501,0.839428689258535,0.6580286824323874,0.25854782942758353,0.6107444292614053,0.6175446980831741
C:\Git programs\AIMS research\EXCV cursor\data\COVID_19_dataset\test\Normal\Normal-199.png,Normal,Normal,True,Integrated Gradients,0.7434150462900135,0.451241798417128,0.11770726714431934,0.4680507381844396,0.9616168127944504,0.9336673319113968,0.6838858905165767,0.8699126918461723,0.7592873449736608,0.4624145630731264,0.15514809590973203,0.48898373568432185,0.6089823885716446
C:\Git programs\AIMS research\EXCV cursor\data\COVID_19_dataset\test\Normal\Normal-20.png,Normal,Normal,True,Grad-CAM,0.7306143909147351,0.08750110219670056,0.09822326516929265,0.34796306657569204,0.9628496792855721,0.9446377368097241,0.875751503006012,0.9312566436589496,0.9404097440610988,0.89683662533243,0.3937460114869177,0.7633386886702439,0.6808527996349619
C:\Git programs\AIMS research\EXCV cursor\data\COVID_19_dataset\test\Normal\Normal-20.png,Normal,Normal,True,Integrated Gradients,0.72354155484051,0.3994531628016063,0.1011764705882353,0.43960551195315645,0.8958257100006599,0.8104110575648633,0.44891640866873067,0.7361285238703422,0.7080976166601085,0.4313260641950935,0.13121546961325967,0.4520015068065494,0.542578514210016
C:\Git programs\AIMS research\EXCV cursor\data\COVID_19_dataset\test\Normal\Normal-2017.png,Normal,Normal,True,Grad-CAM,0.722442742748826,0.32172635427240964,0.5005722133211261,0.5356666673775912,0.9244412262429811,0.9621574756613281,0.937888198757764,0.9397901928229201,0.9120859470315983,0.9079208595858285,0.6634517766497462,0.8362461696833117,0.770567676627941
C:\Git programs\AIMS research\EXCV cursor\data\COVID_19_dataset\test\Normal\Normal-2017.png,Normal,Normal,True,Integrated Gradients,0.746187130257286,0.38416154581502926,0.08225966303270565,0.43840121475723487,0.8617319745161118,0.7797681165607012,0.4753433911281243,0.7212262421130924,0.7279772474192938,0.3635683339356198,0.07994066260095599,0.42424359792869026,0.5279570182663392
C:\Git programs\AIMS research\EXCV cursor\data\COVID_19_dataset\test\Normal\Normal-2090.png,Normal,Normal,True,Grad-CAM,0.7723386420658274,0.32696105223990507,0.46157273334818444,0.5454955925027578,0.9536122841469057,0.971947851298023,0.8618047673098751,0.9315706992411317,0.8424042794850293,0.905665149028232,0.5437647058823529,0.7717906682671872,0.749618986670359
C:\Git programs\AIMS research\EXCV cursor\data\COVID_19_dataset\test\Normal\Normal-2090.png,Normal,Normal,True,Integrated Gradients,0.7396538263571224,0.37878897881574786,0.09291075896580483,0.43737145187731474,0.8918914643945,0.7810304186283409,0.4045016077170418,0.7124161936614148,0.7499384965684832,0.44101669317055414,0.1194259354177345,0.46810818720387987,0.5392986109142032
C:\Git programs\AIMS research\EXCV cursor\data\COVID_19_dataset\test\Normal\Normal-2201.png,Normal,Normal,True,Grad-CAM,0.6876988339324013,0.24894326792048305,0.13356401384083044,0.38983171810135453,0.9673197090699962,0.9697343651902621,0.9616766467065868,0.9663511871970532,0.9249319273877665,0.8633843290720014,0.45164859482186326,0.7644826481232659,0.7068885178072245
C:\Git programs\AIMS research\EXCV cursor\data\COVID_19_dataset\test\Normal\Normal-2201.png,Normal,Normal,True,Integrated Gradients,0.7807746454700506,0.47171667199779543,0.11409624213569121,0.4880537324280662,0.9138773886710427,0.8818092451485705,0.5290548424737457,0.7888101817551119,0.7305416721714312,0.5160110882773326,0.16293929712460065,0.49590178448915245,0.5909218995574436
C:\Git programs\AIMS research\EXCV cursor\data\COVID_19_dataset\test\Normal\Normal-2228.png,Normal,Normal,True,Grad-CAM,0.7532936047808192,0.24110228724570842,0.6027397260273972,0.5544700458942593,0.9950005400356031,0.9667123183226356,0.8220244716351501,0.934621253001577,0.9502616315055166,0.8550103103837298,0.41300602928509905,0.7605095545028553,0.7498669511328971
C:\Git programs\AIMS research\EXCV cursor\data\COVID_19_dataset\test\Normal\Normal-2228.png,Normal,Normal,True,Integrated Gradients,0.6996486601389074,0.33005273976845806,0.07304290861447757,0.40078815857044364,0.9490621223383067,0.9672051591676428,0.6804308797127468,0.8739156605994395,0.6538231318521155,0.5057113674568623,0.1882480957562568,0.46971709170478193,0.5814736369582217
C:\Git programs\AIMS research\EXCV cursor\data\COVID_19_dataset\test\Normal\Normal-2463.png,Normal,Normal,True,Grad-CAM,0.695642295298981,0.12535398195263245,0.33761992243314964,0.417149089435327,0.9695650387880345,0.9887320973534073,0.9669768838186731,0.9745387098668379,0.8944725386191292,0.9045140330133523,0.42745098039215684,0.7573785194693043,0.7163554395904898
C:\Git programs\AIMS research\EXCV cursor\data\COVID_19_dataset\test\Normal\Normal-2463.png,Normal,Normal,True,Integrated Gradients,0.7084229200526101,0.47315764100857616,0.13493850684219644,0.4657980123762758,0.9282986039282337,0.8662902422945065,0.5784148397976391,0.8047309661989372,0.6984951578196315,0.5214362387333101,0.10938029122925838,0.4686430221166231,0.579724000230612
C:\Git programs\AIMS research\EXCV cursor\data\COVID_19_dataset\test\Normal\Normal-251.png,Normal,Normal,True,Grad-CAM,0.5385392215844178,0.007062888340278842,0.0,0.2175345551358508,0.9972232754149876,0.9920344909423207,0.8503247670149675,0.9515970875531815,0.9597615198424259,0.9350086419536637,0.5757575757575758,0.8371344732503422,0.6687553719797915
C:\Git programs\AIMS research\EXCV cursor\data\COVID_19_dataset\test\Normal\Normal-251.png,Normal,Normal,True,Integrated Gradients,0.6760191939882458,0.32518388989448654,0.07251596005892945,0.3897176325813231,0.9587126466712352,0.8955847378552296,0.688659793814433,0.8587584181693929,0.7585759941692806,0.48682271018977985,0.14705882352941177,0.49359485778346973,0.5806903028447286
C:\Git programs\AIMS research\EXCV cursor\data\COVID_19_dataset\test\Normal\Normal-2587.png,Normal,Normal,True,Grad-CAM,0.5874564580409668,0.2805652476116215,0.22032005954596204,0.3852481753636618,0.9332107934212015,0.9582953768796652,0.9468211527035056,0.9448192762434319,0.9411396018419778,0.868110757905005,0.4033811256152365,0.7579034057928635,0.6959902857999857
C:\Git programs\AIMS research\EXCV cursor\data\COVID_19_dataset\test\Normal\Normal-2587.png,Normal,Normal,True,Integrated Gradients,0.7586515738081709,0.36972189939084804,0.11163895486935867,0.4478688858013304,0.877497651053729,0.8525559271218675,0.49316317228805834,0.7547147902444694,0.7028317817294689,0.44215623897451056,0.12751677852348994,0.4520346179411877,0.5515394313289957
C:\Git programs\AIMS research\EXCV cursor\data\COVID_19_dataset\test\Normal\Normal-2629.png,Normal,Normal,True,Grad-CAM,0.619039920827713,0.014310460367256838,0.04998779296875,0.26690544433188723,0.9469608646338175,0.8868241386742335,0.5423728813559322,0.8075434518625767,0.8497941120296771,0.7287492019136056,0.5452830188679245,0.7221273110463299,0.5988587357469313
C:\Git programs\AIMS research\EXCV cursor\data\COVID_19_dataset\test\Normal\Normal-2629.png,Normal,Normal,True,Integrated Gradients,0.7677162672997744,0.46737554286227495,0.12771084337349398,0.4856124227906405,0.9314662562882904,0.9063542889846442,0.5637231503579953,0.813609734318108,0.7495135627421962,0.4383247967445429,0.14186127570582086,0.4738612468319876,0.5910278013135787
C:\Git programs\AIMS research\EXCV cursor\data\COVID_19_dataset\test\Normal\Normal-2683.png,Normal,Normal,True,Grad-CAM,0.775591082061279,0.2452367175629632,0.06613584660383491,0.4036482020745511,0.984565631396956,0.9840874124704203,0.8524173027989822,0.9447776671396031,0.9852393686083953,0.9540807155159463,0.5787951807228916,0.8539585163150095,0.7341281285097212
C:\Git programs\AIMS research\EXCV cursor\data\COVID_19_dataset\test\Normal\Normal-2683.png,Normal,Normal,True,Integrated Gradients,0.7518641553712395,0.44535526840543066,0.10265903736115786,0.4651499538784724,0.9379765111878661,0.8092107257801566,0.47004711689477224,0.758967957277625,0.6805981955169457,0.3810945459848247,0.09327548806941431,0.41455028842305,0.5462227331930491
C:\Git programs\AIMS research\EXCV cursor\data\COVID_19_dataset\test\Normal\Normal-270.png,Normal,Normal,True,Grad-CAM,0.43371679478860153,0.0,0.0,0.17348671791544062,0.9917245412302136,0.9954970126587167,0.9517426273458445,0.9808617084934538,0.9366121781248542,0.9195754659504336,0.7575107296137339,0.8777707299191919,0.677373052109362
C:\Git programs\AIMS research\EXCV cursor\data\COVID_19_dataset\test\Normal\Normal-270.png,Normal,Normal,True,Integrated Gradients,0.7296865766671858,0.42392778690190475,0.1248068669527897,0.45649502682328263,0.9593147709175625,0.9144313673563165,0.6487166582788123,0.8526703160575637,0.7482992924021357,0.4863186004106494,0.13611929946245882,0.48605108692278676,0.598405476601211
C:\Git programs\AIMS research\EXCV cursor\data\COVID_19_dataset\test\Viral Pneumonia\Viral Pneumonia-1007.png,Viral Pneumonia,Viral Pneumonia,True,Grad-CAM,0.8088958379754567,0.3885428931793015,0.18566775244299674,0.4958215288768722,0.9607560925695219,0.8656176293304454,0.500343485230135,0.7940907713959829,0.7901256398754832,0.5349004757352316,0.16326530612244897,0.5254999905074975,0.6051374302601176
C:\Git programs\AIMS research\EXCV cursor\data\COVID_19_dataset\test\Viral Pneumonia\Viral Pneumonia-1007.png,Viral Pneumonia,Viral Pneumonia,True,Integrated Gradients,0.7062886138720467,0.31736395418694124,0.07041333115504003,0.39884863115141306,0.9652674606975917,0.955098664656779,0.746268656716418,0.8965171806909957,0.6896267545212059,0.3753692165499248,0.08782998505728043,0.41481046229064394,0.5700587580443509
C:\Git programs\AIMS research\EXCV cursor\data\COVID_19_dataset\test\Viral Pneumonia\Viral Pneumonia-1009.png,Viral Pneumonia,Viral Pneumonia,True,Grad-CAM,0.8256436340176853,0.6188745090512207,0.0,0.5159198063224404,0.9897441063113392,0.9814927120771961,0.9002320185614849,0.96041506171614,0.88908220396718,0.7810943250866623,0.47434743474347435,0.732265409535913,0.7362000925248311
C:\Git programs\AIMS research\EXCV cursor\data\COVID_19_dataset\test\Viral Pneumonia\Viral Pneumonia-1009.png,Viral Pneumonia,Viral Pneumonia,True,Integrated Gradients,0.6740426823219322,0.33330760549827504,0.06605922551252848,0.3894271222320139,0.9636552408228288,0.971574175518526,0.7301293900184843,0.8959731659902346,0.7380990803314159,0.44555112077440395,0.10582278481012658,0.46065180380792553,0.582017364010058
C:\Git programs\AIMS research\EXCV cursor\data\COVID_19_dataset\test\Viral Pneumonia\Viral Pneumonia-1019.png,Viral Pneumonia,Viral Pneumonia,True,Grad-CAM,0.67682118073164,0.3903112273394809,0.12674118658641445,0.42584419647042465,0.9883420725710432,0.9739373838282672,0.6209797130133597,0.8738119580809055,0.8516199712908541,0.7614214163430644,0.544918651261495,0.7325500087977094,0.6774020544496798
C:\Git programs\AIMS research\EXCV cursor\data\COVID_19_dataset\test\Viral Pneumonia\Viral Pneumonia-1019.png,Viral Pneumonia,Viral Pneumonia,True,Integrated Gradients,0.6676856977476534,0.35664331351325695,0.06260136230943886,0.3928476818458701,0.9441157232142213,0.9251768291190472,0.6578947368421053,0.8525677590740344,0.640195312572909,0.3339038151519434,0.08100973436726613,0.38055218988492645,0.541989210268277
C:\Git programs\AIMS research\EXCV cursor\data\COVID_19_dataset\test\Viral Pneumonia\Viral Pneumonia-1026.png,Viral Pneumonia,Viral Pneumonia,True,Grad-CAM,0.7258884006913714,0.48396188667688095,0.052251963455682,0.45121951531631743,0.9872241175814964,0.9794201733540916,0.9776906843533313,0.9820229043448254,0.8701056301376824,0.7159568006233575,0.5650619637750238,0.7323478813745874,0.7218634336785769
C:\Git programs\AIMS research\EXCV cursor\data\COVID_19_dataset\test\Viral Pneumonia\Viral Pneumonia-1026.png,Viral Pneumonia,Viral Pneumonia,True,Integrated Gradients,0.7630509785814463,0.4815131763480648,0.10544963725324785,0.48130923551297233,0.9440917014760811,0.733389381809084,0.47600810993466997,0.7404559281135586,0.7438663087609552,0.4752439218114902,0.11428571428571428,0.47440541433354344,0.5653901926533581
C:\Git programs\AIMS research\EXCV cursor\data\COVID_19_dataset\test\Viral Pneumonia\Viral Pneumonia-1030.png,Viral Pneumonia,Viral Pneumonia,True,Grad-CAM,0.6035056691687122,0.21284658227875386,0.0,0.30525624235111104,0.9639043616062319,0.9495043452132392,0.8172490293954521,0.9155877570251001,0.6599138792700437,0.26034459567936835,0.0,0.342068930411828,0.520970976596013
C:\Git programs\AIMS research\EXCV cursor\data\COVID_19_dataset\test\Viral Pneumonia\Viral Pneumonia-1030.png,Viral Pneumonia,Viral Pneumonia,True,Integrated Gradients,0.7257018850109157,0.2504702663165935,0.05388451021392955,0.38158718696352323,0.9474403661527335,0.859230874896742,0.47235955056179774,0.7784532740986554,0.714813339664609,0.4419701877059656,0.10656983617632157,0.45048734303052973,0.5368426013642361
C:\Git programs\AIMS research\EXCV cursor\data\COVID_19_dataset\test\Viral Pneumonia\Viral Pneumonia-1033.png,Viral Pneumonia,Viral Pneumonia,True,Grad-CAM,0.6184915885680234,0.22400471217930767,0.0,0.3145980490810017,0.9884126725238874,0.9813611444208687,0.753874933190807,0.9159358922930576,0.6895285370635604,0.18681690761813965,0.0,0.3318564871108661,0.5207968094949752
C:\Git programs\AIMS research\EXCV cursor\data\COVID_19_dataset\test\Viral Pneumonia\Viral Pneumonia-1033.png,Viral Pneumonia,Viral Pneumonia,True,Integrated Gradients,0.7282558165002831,0.3671102051006407,0.07763157894736843,0.424724861814516,0.9593195498507474,0.9605168835025717,0.7287598944591029,0.8905108533288014,0.6960798394534806,0.3606288003398238,0.07339449541284404,0.4086389245071926,0.5746248798835033
C:\Git programs\AIMS research\EXCV cursor\data\COVID_19_dataset\test\Viral Pneumonia\Viral Pneumonia-1067.png,Viral Pneumonia,Viral Pneumonia,True,Grad-CAM,0.8689949500467216,0.6874563903106233,0.0,0.5538348971118756,0.9549248921142047,0.9213080272781725,0.7935466229149576,0.896426351903621,0.8995550382213908,0.721119258945488,0.0,0.5761577929722027,0.6754730139958998
C:\Git programs\AIMS research\EXCV cursor\data\COVID_19_dataset\test\Viral Pneumonia\Viral Pneumonia-1067.png,Viral Pneumonia,Viral Pneumonia,True,Integrated Gradients,0.7489274161391591,0.3020262845739331,0.07586206896551724,0.4129374725174988,0.9128626496748254,0.6795285568197132,0.2821917808219178,0.6536611611624195,0.700992112851343,0.4422953071555399,0.12172573189522343,0.4496031568557662,0.5054005968452281
C:\Git programs\AIMS research\EXCV cursor\data\COVID_19_dataset\test\Viral Pneumonia\Viral Pneumonia-1070.png,Viral Pneumonia,Viral Pneumonia,True,Grad-CAM,0.6259522352741207,0.2767892581964518,0.0,0.3334176715685838,0.9787590481934922,0.9501882108258419,0.8108398175476255,0.919812027789437,0.8635796601008825,0.5711975992041687,0.0,0.5167911438016036,0.5900069477198748
C:\Git programs\AIMS research\EXCV cursor\data\COVID_19_dataset\test\Viral Pneumonia\Viral Pneumonia-1070.png,Viral Pneumonia,Viral Pneumonia,True,Integrated Gradients,0.6900864598028456,0.3480328444803606,0.08584686774941995,0.40619849759007237,0.9452193428798874,0.9338858731162387,0.5984386435716028,0.8377850921583073,0.6229613717168538,0.2747271995177496,0.06346372342152248,0.35064182556852314,0.5315418051056343
C:\Git programs\AIMS research\EXCV cursor\data\COVID_19_dataset\test\Viral Pneumonia\Viral Pneumonia-1074.png,Viral Pneumonia,Viral Pneumonia,True,Grad-CAM,0.3293191448454418,0.0,0.0,0.13172765793817673,0.979955096274681,0.9416870777911044,0.9063136456211812,0.9463822555335581,0.6481006510970867,0.0748210589837309,0.0,0.281686578133954,0.4532654972018963
C:\Git programs\AIMS research\EXCV cursor\data\COVID_19_dataset\test\Viral Pneumonia\Viral Pneumonia-1074.png,Viral Pneumonia,Viral Pneumonia,True,Integrated Gradients,0.7131222312692033,0.3178728991929744,0.05422365245374095,0.39687785800169595,0.9714971679749596,0.9382941957980379,0.7570394207562349,0.8971989521562657,0.7085304933687506,0.19726154696139228,0.06866742782580329,0.363190889783659,0.5524225666472069
C:\Git programs\AIMS research\EXCV cursor\data\COVID_19_dataset\test\Viral Pneumonia\Viral Pneumonia-1088.png,Viral Pneumonia,Viral Pneumonia,True,Grad-CAM,0.6267902863653803,0.2861132026846674,0.06888128969223253,0.3572144622592221,0.9859889847916823,0.9632881511266961,0.7259590120861797,0.9011697428805356,0.9040087017089806,0.7373016428845713,0.23943396226415095,0.654624162228209,0.6376694557893222
C:\Git programs\AIMS research\EXCV cursor\data\COVID_19_dataset\test\Viral Pneumonia\Viral Pneumonia-1088.png,Viral Pneumonia,Viral Pneumonia,True,Integrated Gradients,0.7564262350095998,0.48650072720863263,0.10862944162436548,0.4811095446537394,0.9324620742398546,0.8257296338897891,0.4293193717277487,0.7494995313812033,0.7137084461996605,0.48932659700161024,0.10247349823321555,0.4630234070503119,0.5645441610284182
C:\Git programs\AIMS research\EXCV cursor\data\COVID_19_dataset\test\Viral Pneumonia\Viral Pneumonia-109.png,Viral Pneumonia,Viral Pneumonia,True,Grad-CAM,0.6043554951118024,0.2115683044028432,0.0,0.30521268936557394,0.9381158567583571,0.9204700304159031,0.8753573470554603,0.9139945559447518,0.8140793991689761,0.5416201946235308,0.0,0.4881178180546497,0.5691083544549919
C:\Git programs\AIMS research\EXCV cursor\data\COVID_19_dataset\test\Viral Pneumonia\Viral Pneumonia-109.png,Viral Pneumonia,Viral Pneumonia,True,Integrated Gradients,0.71426238816742,0.39001880352641455,0.06242905788876277,0.4214393136915212,0.9684469630788025,0.8524597359279759,0.7646108268246701,0.8724999540573148,0.710097970847233,0.41873609995808714,0.11504424778761062,0.4441732926626026,0.5793708534704795
C:\Git programs\AIMS research\EXCV cursor\data\COVID_19_dataset\test\Viral Pneumonia\Viral Pneumonia-1112.png,Viral Pneumonia,Viral Pneumonia,True,Grad-CAM,0.8485713612291239,0.657884958949107,0.039669946048873375,0.5486950159910438,0.9505015874808934,0.9236600703155049,0.680861980502822,0.8615572502378555,0.6547552252009974,0.23117614932587707,0.01094834232845027,0.33453943757669713,0.5815972346018654
C:\Git programs\AIMS research\EXCV cursor\data\COVID_19_dataset\test\Viral Pneumonia\Viral Pneumonia-1112.png,Viral Pneumonia,Viral Pneumonia,True,Integrated Gradients,0.7038196468916991,0.32145603256788524,0.06191247974068071,0.3965384124492494,0.9545192592852318,0.9294031618609861,0.6982892690513219,0.8701154329877852,0.693273182598452,0.4248834191257991,0.12057465366854797,0.44094669487768495,0.5692001801049066
C:\Git programs\AIMS research\EXCV cursor\data\COVID_19_dataset\test\Viral Pneumonia\Viral Pneumonia-1123.png,Viral Pneumonia,Viral Pneumonia,True,Grad-CAM,0.6843073692562565,0.2545992406386059,0.0,0.35010271989408437,0.9466244021026999,0.8845327592541565,0.5806996381182147,0.8182194800527913,0.7350037793970778,0.3868471115566187,0.0,0.4100556452258168,0.5261259483908975
C:\Git programs\AIMS research\EXCV cursor\data\COVID_19_dataset\test\Viral Pneumonia\Viral Pneumonia-1123.png,Viral Pneumonia,Viral Pneumonia,True,Integrated Gradients,0.7511899594146325,0.3963394833916981,0.08118811881188119,0.44373426442692687,0.9571553580037222,0.90636282697415,0.6177777777777778,0.8401043246270673,0.754024977743604,0.450976765095229,0.10938029122925838,0.46971710799478783,0.5845185656829274
C:\Git programs\AIMS research\EXCV cursor\data\COVID_19_dataset\test\Viral Pneumonia\Viral Pneumonia-1124.png,Viral Pneumonia,Viral Pneumonia,True,Grad-CAM,0.7213446628412847,0.32775083397825583,0.026134585289514865,0.39470349091684515,0.9881886669786314,0.9731552224958254,0.9474309474309475,0.9714513177694843,0.7792729387777946,0.2231034799468675,0.0,0.3786402194951781,0.5815983427271693
C:\Git programs\AIMS research\EXCV cursor\data\COVID_19_dataset\test\Viral Pneumonia\Viral Pneumonia-1124.png,Viral Pneumonia,Viral Pneumonia,True,Integrated Gradients,0.6953150203808562,0.30315174207483286,0.06536585365853659,0.38868128687235337,0.9362962671537828,0.8651254599531233,0.56,0.8020561448474501,0.6565457009434491,0.29070085877585905,0.07339449541284404,0.37184688663399057,0.5208614394512646
C:\Git programs\AIMS research\EXCV cursor\data\COVID_19_dataset\test\Viral Pneumonia\Viral Pneumonia-1129.png,Viral Pneumonia,Viral Pneumonia,True,Grad-CAM,0.7040599729591206,0.39551010699163525,0.0810009878169246,0.42457731762621614,0.9869681424025727,0.9606342537730098,0.9379249187112031,0.964355008706293,0.7189607640816337,0.2286593793497458,0.0,0.3561821194375772,0.5817048152566954
C:\Git programs\AIMS research\EXCV cursor\data\COVID_19_dataset\test\Viral Pneumonia\Viral Pneumonia-1129.png,Viral Pneumonia,Viral Pneumonia,True,Integrated Gradients,0.7201625959991779,0.3444915161416322,0.07374631268436578,0.41353638704747053,0.9596474227825751,0.8071139756781587,0.5712230215827339,0.7973600682912978,0.6883510342754674,0.35477407066118294,0.07621550591327202,0.40463728668252347,0.5385112473404307
C:\Git programs\AIMS research\EXCV cursor\data\COVID_19_dataset\test\Viral Pneumonia\Viral Pneumonia-1134.png,Viral Pneumonia,Viral Pneumonia,True,Grad-CAM,0.5983229453100135,0.11220869307629196,0.0,0.272991786046893,0.9833090740663352,0.9667817832820198,0.5476864966949953,0.8476641136196386,0.6864499735858944,0.3026774242940914,0.0,0.3653832167225852,0.4953463721297056
C:\Git programs\AIMS research\EXCV cursor\data\COVID_19_dataset\test\Viral Pneumonia\Viral Pneumonia-1134.png,Viral Pneumonia,Viral Pneumonia,True,Integrated Gradients,0.697413128599738,0.3427869043591763,0.07445063955395212,0.40413651461383376,0.9570270889253542,0.9672999262014973,0.7434805747738159,0.8960449858627357,0.7103746198755666,0.3879367116884176,0.09528585757271815,0.4291166187285673,0.5764327064017123
C:\Git programs\AIMS research\EXCV cursor\data\COVID_19_dataset\test\Viral Pneumonia\Viral Pneumonia-1137.png,Viral Pneumonia,Viral Pneumonia,True,Grad-CAM,0.7048020125300026,0.4101956267390187,0.012830422012675839,0.40882861963750944,0.8298097868165742,0.7328926475871111,0.6812933025404158,0.7561796997648877,0.8989047491074718,0.7364449509349332,0.012830422012675839,0.5843445115272714,0.5831176103098895
C:\Git programs\AIMS research\EXCV cursor\data\COVID_19_dataset\test\Viral Pneumonia\Viral Pneumonia-1137.png,Viral Pneumonia,Viral Pneumonia,True,Integrated Gradients,0.781584194992238,0.42571337749039984,0.10043668122270742,0.4704786956108274,0.8876557603472175,0.6468220417136982,0.2727272727272727,0.6309270984711782,0.7340575033046509,0.4158094403433572,0.10526315789473684,0.4499447807932886,0.5171168582917648
C:\Git programs\AIMS research\EXCV cursor\data\COVID_19_dataset\test\Viral Pneumonia\Viral Pneumonia-1170.png,Viral Pneumonia,Viral Pneumonia,True,Grad-CAM,0.6577844427954176,0.30627074493670825,0.18889493739793142,0.41166348181855894,0.9767923814829396,0.960844263727866,0.40994189799870884,0.8019528011111482,0.7139850879907335,0.427644772692704,0.06675350048844025,0.4339135171506367,0.5491766000267814
C:\Git programs\AIMS research\EXCV cursor\data\COVID_19_dataset\test\Viral Pneumonia\Viral Pneumonia-1170.png,Viral Pneumonia,Viral Pneumonia,True,Integrated Gradients,0.7461285276534568,0.34965959456335155,0.07905138339920949,0.427064704450151,0.9638284372369027,0.9716107047077729,0.7537473233404711,0.9031387833092341,0.7105831250548058,0.41223492070623635,0.11277173913043478,0.4417352479729237,0.5906462452441029
C:\Git programs\AIMS research\EXCV cursor\data\COVID_19_dataset\test\Viral Pneumonia\Viral Pneumonia-1181.png,Viral Pneumonia,Viral Pneumonia,True,Grad-CAM,0.8696598790967411,0.6413887287026282,0.22857678604912807,0.6088536060642233,0.9741831327476227,0.9439262065367087,0.5082872928176796,0.8253373029053656,0.8806138274825942,0.6523936698212771,0.035545023696682464,0.5586271390484255,0.6642726826726716
C:\Git programs\AIMS research\EXCV cursor\data\COVID_19_dataset\test\Viral Pneumonia\Viral Pneumonia-1181.png,Viral Pneumonia,Viral Pneumonia,True,Integrated Gradients,0.760469623105609,0.3046628029535459,0.08047493403693931,0.41972917033938917,0.9555911229925931,0.9323290512186647,0.6930232558139535,0.8698421413068227,0.7328293720475626,0.3985790598666315,0.1248068669527897,0.4501475268648514,0.5799062795036878
C:\Git programs\AIMS research\EXCV cursor\data\COVID_19_dataset\test\Viral Pneumonia\Viral Pneumonia-1185.png,Viral Pneumonia,Viral Pneumonia,True,Grad-CAM,0.6106180931715636,0.14627967921914797,0.0,0.2881311410343698,0.9459241596334976,0.9146700934276473,0.4543840177580466,0.7890858972091073,0.710328119498262,0.23852480937213166,0.0,0.3556886906109443,0.47763524295147386
C:\Git programs\AIMS research\EXCV cursor\data\COVID_19_dataset\test\Viral Pneumonia\Viral Pneumonia-1185.png,Viral Pneumonia,Viral Pneumonia,True,Integrated Gradients,0.7238847039994194,0.3392149838649575,0.08548707753479125,0.4169645000196924,0.9490934763177077,0.94978022327467,0.7310435931307794,0.8838845354487179,0.7107246573572894,0.4577732931265595,0.1333679294239751,0.46163222970807616,0.5874937550588288
C:\Git programs\AIMS research\EXCV cursor\data\COVID_19_dataset\test\Viral Pneumonia\Viral Pneumonia-1187.png,Viral Pneumonia,Viral Pneumonia,True,Grad-CAM,0.6516942250102844,0.4944009539680576,0.35640495867768596,0.5159194637978368,0.8996504750986243,0.8787044712135365,0.688659793814433,0.8300694695478406,0.7613904422469113,0.7250157495634694,0.7143603133159269,0.7363689957625834,0.6941193097027535
C:\Git programs\AIMS research\EXCV cursor\data\COVID_19_dataset\test\Viral Pneumonia\Viral Pneumonia-1187.png,Viral Pneumonia,Viral Pneumonia,True,Integrated Gradients,0.7548693168815892,0.3485986486900029,0.09620210808097708,0.43538795378392964,0.957484779232697,0.8898395772235607,0.5980487804878049,0.8293604190064885,0.7182396938512668,0.47561833693763594,0.119234711308507,0.46575179201434963,0.5768333882682559
C:\Git programs\AIMS research\EXCV cursor\data\COVID_19_dataset\test\Viral Pneumonia\Viral Pneumonia-1196.png,Viral Pneumonia,Viral Pneumonia,True,Grad-CAM,0.8983149249213653,0.7063667754662133,0.704474505723205,0.7825783543253716,0.9951970133063813,0.9900958677804256,0.8571428571428571,0.9522504227995374,0.8293043025954047,0.6875967538081116,0.23809523809523808,0.6094293186091667,0.7814193652446919
C:\Git programs\AIMS research\EXCV cursor\data\COVID_19_dataset\test\Viral Pneumonia\Viral Pneumonia-1196.png,Viral Pneumonia,Viral Pneumonia,True,Integrated Gradients,0.747437007057577,0.4135023398918183,0.08891474156556424,0.44969992726024555,0.9618897084660684,0.9422643006498541,0.6710022953328233,0.8687358621812306,0.7054426256217269,0.38616088342701294,0.11808873720136519,0.4334519364372042,0.5839625752928935
C:\Git programs\AIMS research\EXCV cursor\data\COVID_19_dataset\test\Viral Pneumonia\Viral Pneumonia-1197.png,Viral Pneumonia,Viral Pneumonia,True,Grad-CAM,0.6005606672689963,0.21756057708863194,0.0,0.3054924400341881,0.9864609705440357,0.9761289921465883,0.7995056303213403,0.9272747749579929,0.8237197360508683,0.5904411896104782,0.110734845919404,0.539840705079312,0.5908693066904976
C:\Git programs\AIMS research\EXCV cursor\data\COVID_19_dataset\test\Viral Pneumonia\Viral Pneumonia-1197.png,Viral Pneumonia,Viral Pneumonia,True,Integrated Gradients,0.6485654123749931,0.25575607971094283,0.05151661049590756,0.35160797201205235,0.9371962338223998,0.8886033371820853,0.5826086956521739,0.8162421033792377,0.6485559281850141,0.33391870515445554,0.07976268951878708,0.3835267896759784,0.5171256216890895
C:\Git programs\AIMS research\EXCV cursor\data\COVID_19_dataset\test\Viral Pneumonia\Viral Pneumonia-120.png,Viral Pneumonia,Viral Pneumonia,True,Grad-CAM,0.8690877934839998,0.3713149067743032,0.6258064516129033,0.6467715249097619,0.9899591662226057,0.9803766511884409,0.8430379746835444,0.9430080542506378,0.9299738456509927,0.8808177592063758,0.7425531914893617,0.8590008234691183,0.8162601342098393
C:\Git programs\AIMS research\EXCV cursor\data\COVID_19_dataset\test\Viral Pneumonia\Viral Pneumonia-120.png,Viral Pneumonia,Viral Pneumonia,True,Integrated Gradients,0.6738282585251889,0.27673727872846,0.05865244789142026,0.37014822139603965,0.9518222217696564,0.9505790715005407,0.6562184024266936,0.8627681308860329,0.6596143236397507,0.3318673719119973,0.06988896146309602,0.38437262946842826,0.5390963272501669
C:\Git programs\AIMS research\EXCV cursor\data\COVID_19_dataset\test\Viral Pneumonia\Viral Pneumonia-1200.png,Viral Pneumonia,Viral Pneumonia,True,Grad-CAM,0.9227196705065995,0.7298445496390463,0.8347801736208345,0.8384752851806041,0.9723603325465346,0.9529588704388466,0.6078527607361963,0.8571876223711268,0.927846739019272,0.8641639415896052,0.6642113284226568,0.8296512766113875,0.8417713947210395
C:\Git programs\AIMS research\EXCV cursor\data\COVID_19_dataset\test\Viral Pneumonia\Viral Pneumonia-1200.png,Viral Pneumonia,Viral Pneumonia,True,Integrated Gradients,0.7482012015980943,0.4317518313155631,0.12114989733059549,0.4651509992330853,0.9480200978490161,0.8602115356033468,0.5438265786993403,0.8004194734304125,0.7340919783603165,0.33809103938953483,0.12249443207126949,0.4318124327823679,0.5657943018152886
C:\Git programs\AIMS research\EXCV cursor\data\COVID_19_dataset\test\Viral Pneumonia\Viral Pneumonia-1209.png,Viral Pneumonia,Viral Pneumonia,True,Grad-CAM,0.8481587662950145,0.5342564093262334,0.31066213242648527,0.5927390690438215,0.9744612649456732,0.9438162494842665,0.46511627906976744,0.8124642645444795,0.7670105151901951,0.4889330681459504,0.28546203649205415,0.5391227374674794,0.6481086903519268
C:\Git programs\AIMS research\EXCV cursor\data\COVID_19_dataset\test\Viral Pneumonia\Viral Pneumonia-1209.png,Viral Pneumonia,Viral Pneumonia,True,Integrated Gradients,0.6893296449871584,0.3047758036964792,0.06884176182707993,0.38781712765193116,0.9391774489684326,0.9220769599752255,0.6302562826573774,0.8413709523771539,0.6867086225094905,0.2761528516727944,0.07710011507479862,0.38065933902807414,0.5366158063523864
C:\Git programs\AIMS research\EXCV cursor\data\COVID_19_dataset\test\Viral Pneumonia\Viral Pneumonia-121.png,Viral Pneumonia,Viral Pneumonia,True,Grad-CAM,0.7607445116128424,0.39863537897462015,0.19802523313219966,0.48329598827718295,0.9720117047951804,0.9308662537431485,0.3784977908689249,0.7816138953016942,0.7683841170216263,0.5306944002239228,0.0390104662226451,0.47826510674262096,0.581058330107166
C:\Git programs\AIMS research\EXCV cursor\data\COVID_19_dataset\test\Viral Pneumonia\Viral Pneumonia-121.png,Viral Pneumonia,Viral Pneumonia,True,Integrated Gradients,0.7078929955610817,0.2938627896166892,0.06588579795021962,0.3910817744945053,0.9548667338426442,0.9549628218118836,0.7124934657605855,0.8821835798087985,0.718857828853529,0.3720461580377448,0.1265474552957359,0.43712121554145583,0.57012885661492
C:\Git programs\AIMS research\EXCV cursor\data\COVID_19_dataset\test\Viral Pneumonia\Viral Pneumonia-1222.png,Viral Pneumonia,Viral Pneumonia,True,Grad-CAM,0.4459289262430018,0.0,0.0,0.17837157049720073,0.9335773833637598,0.9032818557482857,0.9652069586082783,0.9339775976524731,0.592562632561658,0.03473500435620557,0.0,0.24744555433152488,0.4532649074937329
C:\Git programs\AIMS research\EXCV cursor\data\COVID_19_dataset\test\Viral Pneumonia\Viral Pneumonia-1222.png,Viral Pneumonia,Viral Pneumonia,True,Integrated Gradients,0.7192533635244767,0.41097978417250963,0.07533234859675036,0.43359498524056866,0.953919233663747,0.942872206438527,0.7151832460732984,0.8789843292190463,0.7309098906334895,0.46195279652934207,0.10919248349415947,0.4637075402604463,0.5920956182400204
C:\Git programs\AIMS research\EXCV cursor\data\COVID_19_dataset\test\Viral Pneumonia\Viral Pneumonia-1227.png,Viral Pneumonia,Viral Pneumonia,True,Grad-CAM,0.5037743151076217,0.05513917913286312,0.13837350442170973,0.25956353110942054,0.9880065177406654,0.9815894730369816,0.6893978383942357,0.8964988005256314,0.8578948942133031,0.7084077917669197,0.47032474804031354,0.6967777196274912,0.6176133504208478
C:\Git programs\AIMS research\EXCV cursor\data\COVID_19_dataset\test\Viral Pneumonia\Viral Pneumonia-1227.png,Viral Pneumonia,Viral Pneumonia,True,Integrated Gradients,0.6695096998719136,0.31879388705357103,0.06467338316542086,0.38284406101446294,0.9382203094539832,0.9423672617069394,0.6282306163021869,0.8464674871843312,0.6608731645509816,0.3694521550575465,0.08782998505728043,0.4015339078548407,0.5436151520178784
C:\Git programs\AIMS research\EXCV cursor\data\COVID_19_dataset\test\Viral Pneumonia\Viral Pneumonia-1230.png,Viral Pneumonia,Viral Pneumonia,True,Grad-CAM,0.7396808535619724,0.4691097634169177,0.35539925527513444,0.5432250470324046,0.9861231051760438,0.9691315066554471,0.722397476340694,0.90190793696926,0.919985875844058,0.7891906622593933,0.3630122737674225,0.7136552311456679,0.7195960717157774
C:\Git programs\AIMS research\EXCV cursor\data\COVID_19_dataset\test\Viral Pneumonia\Viral Pneumonia-1230.png,Viral Pneumonia,Viral Pneumonia,True,Integrated Gradients,0.6667313065268556,0.27141390641105295,0.053545586107091175,0.3641803703661855,0.9387974015414382,0.9367877971662475,0.625,0.8440552997664496,0.6613735848354669,0.3067990220671673,0.06779661016949153,0.37692812360518446,0.5283879312459399
